CANTON,EVENTO,CATEGORIA DEL EVENTO,CAUSA,MES,TOTAL DE PERSONAS AFECTADAS,TOTAL DE INFRAESTRUCTURA AFECTADA
1,4,5,18,3,1,0
1,4,5,18,4,1,0
1,9,5,18,1,1,0
1,9,5,18,2,3,29
1,9,5,18,3,2,11
1,9,5,18,4,2,8
1,9,5,18,12,1,1
1,11,2,14,4,3,225
1,15,2,7,10,1,1
2,9,2,8,7,2,0
2,9,5,8,5,3,0
2,9,5,8,6,3,0
2,9,2,18,7,3,0
2,9,5,18,1,3,0
2,9,5,18,3,2,1
2,9,5,18,5,3,6
2,9,5,18,6,3,0
2,12,5,18,7,1,1
3,1,2,2,3,3,0
3,1,2,2,4,1,0
3,1,2,2,5,1,0
3,1,2,17,8,1,0
3,1,2,17,11,3,0
3,1,2,22,1,2,0
3,1,2,22,6,3,0
3,1,2,22,9,3,0
3,2,5,8,5,1,0
3,2,2,10,5,1,0
3,2,5,18,2,1,0
3,2,5,18,3,3,10
3,2,5,18,4,1,0
3,4,2,8,8,1,0
3,4,2,10,1,1,0
3,4,2,10,2,1,0
3,4,2,10,3,2,1
3,4,2,10,4,2,2
3,4,2,10,5,1,0
3,4,2,10,6,1,0
3,4,2,10,7,1,0
3,4,2,10,8,3,5
3,4,2,10,9,1,0
3,4,2,10,10,1,0
3,4,2,10,11,2,3
3,4,2,10,12,2,1
3,4,5,10,1,1,0
3,4,5,10,2,1,0
3,4,5,10,4,3,13
3,4,5,10,6,1,0
3,4,5,18,1,1,0
3,4,5,18,2,3,5
3,4,5,18,3,1,0
3,4,5,18,4,3,2
3,4,5,18,5,1,0
3,4,5,18,6,1,0
3,4,5,18,7,1,0
3,4,5,18,11,1,0
3,4,2,23,9,1,0
3,6,2,7,7,3,0
3,7,2,10,11,1,1
3,9,5,9,3,2,1
3,9,5,18,3,2,4
3,9,5,18,4,2,3
3,9,5,18,5,2,4
3,11,2,14,5,1,1
3,11,2,14,9,1,9
3,12,5,18,3,3,0
3,12,5,18,4,1,2
3,13,2,7,9,1,0
3,15,2,7,7,3,28
3,15,2,7,8,1,1
3,15,2,7,9,1,1
3,15,5,7,6,2,1
3,15,5,7,11,2,2
4,1,2,2,3,3,0
4,1,2,2,4,1,0
4,1,2,2,5,1,0
4,1,2,17,11,1,0
4,1,2,22,9,3,0
4,9,5,8,3,3,1082
4,9,5,8,5,3,100
4,9,5,18,1,1,1
4,9,5,18,2,3,2308
4,9,5,18,3,3,1252
4,9,5,18,4,3,254
4,9,5,18,5,1,2
4,9,5,18,12,2,6
4,11,2,1,7,1,2
4,11,2,14,4,3,9
4,15,5,7,2,2,7
4,15,5,18,3,3,42
4,15,2,27,6,2,3
5,1,2,22,2,1,0
5,1,2,22,7,1,0
5,1,2,22,11,1,0
5,1,2,22,12,3,0
5,2,2,8,11,1,0
5,2,5,8,10,2,2
5,2,2,10,5,1,0
5,2,2,18,12,1,0
5,2,5,18,1,1,0
5,2,5,18,2,3,7
5,2,5,18,3,1,0
5,2,5,18,4,1,0
5,2,5,18,6,1,1
5,2,5,18,7,1,1
5,2,5,18,8,1,0
5,2,5,18,11,1,1
5,2,5,18,12,1,0
5,4,2,8,10,1,1
5,4,5,8,4,1,0
5,4,5,8,7,1,0
5,4,2,10,1,1,0
5,4,2,10,2,1,0
5,4,2,10,3,1,0
5,4,2,10,4,1,1
5,4,2,10,5,1,1
5,4,2,10,6,1,0
5,4,2,10,7,3,10
5,4,2,10,8,1,1
5,4,2,10,9,1,2
5,4,2,10,10,1,2
5,4,2,10,11,1,1
5,4,2,10,12,1,0
5,4,5,10,8,1,0
5,4,5,10,10,1,0
5,4,2,12,12,1,0
5,4,5,12,8,1,0
5,4,2,13,7,1,0
5,4,2,15,8,1,0
5,4,2,18,8,1,0
5,4,2,18,9,1,0
5,4,2,18,10,1,0
5,4,2,18,11,1,0
5,4,5,18,1,1,0
5,4,5,18,2,2,3
5,4,5,18,3,3,14
5,4,5,18,4,2,3
5,4,5,18,5,2,2
5,4,5,18,6,1,1
5,4,5,18,7,2,0
5,4,5,18,8,1,0
5,4,5,18,9,1,3
5,4,5,18,10,1,1
5,4,5,18,11,2,3
5,4,5,18,12,2,3
5,4,2,21,5,1,0
5,4,2,21,9,1,0
5,4,5,21,5,3,3
5,5,2,7,7,3,0
5,5,2,7,9,1,0
5,5,5,7,1,3,0
5,5,5,7,3,3,0
5,5,5,7,4,3,0
5,5,5,7,11,3,1
5,6,2,7,2,2,0
5,6,2,7,7,3,0
5,6,2,7,8,3,0
5,6,2,7,9,3,0
5,6,5,7,1,3,0
5,7,2,8,3,1,1
5,7,2,10,3,1,0
5,7,2,10,5,1,0
5,7,2,10,6,1,0
5,7,2,10,7,1,0
5,7,2,10,9,1,1
5,7,2,10,10,1,0
5,7,2,18,7,1,0
5,7,2,18,11,1,0
5,7,5,18,1,1,0
5,7,5,18,2,1,0
5,7,5,18,3,1,0
5,7,5,18,4,1,0
5,7,5,18,5,1,0
5,7,5,18,6,1,0
5,7,5,18,11,1,0
5,9,2,8,7,1,0
5,9,2,8,9,1,1
5,9,2,8,12,2,4
5,9,5,8,3,1,2
5,9,5,8,4,1,1
5,9,5,8,10,2,3
5,9,5,8,11,1,1
5,9,5,9,7,3,3
5,9,2,10,9,2,1
5,9,2,10,10,2,2
5,9,2,18,7,3,3
5,9,2,18,9,3,2
5,9,2,18,11,2,1
5,9,5,18,1,3,1
5,9,5,18,2,3,10
5,9,5,18,3,3,26
5,9,5,18,4,3,13
5,9,5,18,5,1,10
5,9,5,18,6,1,1
5,9,5,18,7,3,2
5,9,5,18,10,3,15
5,9,5,18,11,1,4
5,9,5,18,12,1,1
5,11,2,14,4,2,1
5,11,2,14,5,1,1
5,11,2,14,6,3,31
5,11,2,14,9,1,2
5,12,2,10,1,1,0
5,12,2,10,4,1,0
5,12,2,10,7,1,0
5,12,2,10,11,1,0
5,12,5,18,2,1,0
5,12,5,18,5,1,1
5,12,5,18,6,1,1
5,12,5,18,7,1,0
5,12,5,18,11,1,1
5,13,2,7,3,2,1
5,13,5,7,2,1,0
5,15,2,7,7,2,3
5,15,2,7,8,1,1
5,15,2,7,10,2,1
5,15,5,7,1,2,3
5,15,5,7,3,1,1
6,2,5,18,5,1,0
6,4,2,10,8,1,0
6,4,5,18,3,1,0
6,4,5,18,5,1,0
6,4,5,18,8,1,0
6,9,5,8,4,2,1
6,9,5,8,5,2,1
6,9,2,18,9,1,3
6,9,2,18,11,2,2
6,9,5,18,3,1,1
6,9,5,18,4,2,18
6,9,5,18,5,3,57
6,9,5,18,10,1,1
6,11,2,14,4,2,3
6,11,2,14,5,1,2
6,12,5,18,5,1,1
6,15,5,7,9,2,1
7,4,2,10,2,1,0
7,4,2,10,3,1,0
7,4,2,10,9,1,0
7,4,5,18,1,1,0
7,4,5,18,2,1,0
7,4,5,18,3,1,0
7,4,5,18,4,1,1
7,4,5,18,5,1,0
7,4,5,18,6,1,0
7,4,5,18,7,1,0
7,4,5,18,8,1,0
7,4,5,18,9,1,0
7,4,5,18,10,1,0
7,4,5,18,11,1,0
7,4,5,18,12,1,0
7,7,5,18,4,1,0
7,7,5,18,5,1,0
7,9,5,8,1,3,0
7,9,5,8,4,3,8
7,9,5,8,9,3,0
7,9,2,18,8,3,1
7,9,5,18,1,2,3
7,9,5,18,3,3,0
7,9,5,18,4,3,205
7,9,5,18,5,3,10
7,9,5,18,6,3,0
7,9,5,18,7,1,0
7,9,5,18,10,3,27
7,9,5,18,11,3,127
7,9,5,18,12,2,7
7,12,2,10,8,1,0
7,12,5,18,4,1,0
7,12,5,18,5,1,0
7,12,5,18,6,1,0
7,15,2,7,8,2,10
7,15,2,7,9,2,2
7,15,5,7,2,2,2
7,15,5,7,4,2,1
8,2,2,18,9,1,0
8,4,2,10,3,1,0
8,4,2,10,11,1,0
8,4,5,10,9,1,0
8,4,2,18,7,1,1
8,4,2,18,8,1,0
8,4,2,18,9,1,0
8,4,2,18,10,1,0
8,4,2,18,12,1,0
8,4,5,18,1,1,1
8,4,5,18,2,3,11
8,4,5,18,3,2,1
8,4,5,18,4,3,1
8,4,5,18,5,3,4
8,4,5,18,6,3,3
8,4,5,18,7,1,0
8,4,5,18,8,1,0
8,4,5,18,9,1,0
8,4,5,18,10,1,5
8,4,5,18,11,1,0
8,4,5,18,12,2,3
8,7,5,18,3,3,9
8,7,5,18,4,1,0
8,9,2,8,9,1,2
8,9,5,8,4,2,0
8,9,2,18,9,2,1
8,9,5,18,1,1,2
8,9,5,18,2,3,17
8,9,5,18,3,2,3
8,9,5,18,5,2,3
8,9,5,18,10,2,3
8,9,5,18,12,2,6
8,12,2,18,8,1,0
8,12,5,18,4,1,0
8,15,2,7,7,1,0
8,15,2,7,8,2,4
8,15,2,7,9,2,2
8,15,5,7,3,2,2
8,15,5,7,4,2,5
8,15,5,7,8,2,2
8,15,5,7,9,2,3
8,15,5,7,10,2,55
8,15,5,7,11,1,0
8,15,5,7,12,3,13
8,15,5,27,8,2,1
9,4,5,18,3,2,1
9,8,6,10,1,1,0
9,8,6,10,7,1,0
9,8,6,10,8,1,0
9,8,6,10,9,1,0
9,8,6,10,11,1,0
9,8,6,10,12,1,0
9,9,5,18,1,3,14
9,9,5,18,2,3,40
9,9,5,18,3,3,108
9,9,5,18,5,2,4
9,11,2,14,1,1,0
9,12,5,18,3,1,0
9,12,5,18,4,1,0
9,13,5,7,3,1,1
9,15,5,7,4,1,1
9,15,5,7,11,2,2
10,2,5,18,3,1,1
10,4,5,10,2,1,0
10,4,2,13,5,1,1
10,4,5,18,1,2,0
10,4,5,18,2,2,4
10,4,5,18,3,1,1
10,7,5,18,3,1,0
10,7,5,18,4,1,0
10,9,5,3,2,1,0
10,9,5,8,1,3,108
10,9,5,18,1,3,107
10,9,5,18,2,3,566
10,9,5,18,3,3,974
10,9,5,18,4,3,70
10,9,5,18,5,3,8
10,10,2,5,1,1,4
10,10,2,7,1,1,1
10,10,2,7,2,1,2
10,10,2,7,3,1,0
10,10,2,7,12,3,58
10,11,2,14,4,3,350
10,11,2,14,7,1,1
10,11,2,14,12,3,35
10,11,2,24,3,3,21
10,12,5,18,3,2,3
10,15,5,7,4,3,5
11,4,2,10,9,2,6
11,4,2,10,12,1,0
11,4,5,18,1,1,0
11,4,5,18,2,3,5
11,4,5,18,3,3,20
11,4,5,18,4,3,27
11,4,5,18,5,3,18
11,4,5,18,12,1,0
11,7,5,18,3,1,2
11,7,5,18,4,1,1
11,8,6,10,8,1,0
11,8,6,10,9,1,0
11,8,6,10,11,1,0
11,8,6,10,12,1,0
11,9,5,18,4,2,6
11,11,2,14,2,1,1
11,12,5,18,3,1,2
11,12,5,18,4,1,1
12,1,2,22,2,1,0
12,2,5,18,7,1,3
12,4,5,10,2,1,2
12,4,5,10,6,1,0
12,4,2,18,8,1,0
12,4,2,18,9,2,2
12,4,5,18,1,3,30
12,4,5,18,2,1,1
12,4,5,18,3,2,4
12,4,5,18,4,2,1
12,4,5,18,5,2,4
12,4,5,18,6,2,3
12,4,5,18,7,2,3
12,4,5,18,8,1,1
12,4,5,18,10,1,0
12,4,5,18,12,3,6
12,6,2,7,8,1,0
12,7,5,10,10,1,0
12,7,2,18,8,1,1
12,7,5,18,4,1,20
12,9,5,18,2,3,47
12,9,5,18,3,2,4
12,9,5,18,4,3,16
12,9,5,18,11,1,5
12,9,5,18,12,2,4
12,12,5,18,4,1,6
12,12,5,18,7,1,1
12,13,5,7,1,2,4
13,1,2,2,4,1,0
13,1,2,2,5,1,0
13,1,2,22,9,3,0
13,9,5,16,3,3,335
13,9,5,18,1,1,0
13,9,5,18,2,3,55
13,9,5,18,3,3,443
13,9,5,18,4,3,174
13,9,5,18,12,1,1
13,11,2,14,4,3,27
13,11,2,14,9,1,2
13,12,5,18,5,1,0
13,13,5,7,3,1,0
13,15,2,7,2,2,3
13,15,2,7,4,3,22
13,15,5,7,1,2,1
13,15,5,7,3,1,0
13,15,5,7,4,2,1
13,15,5,7,12,2,1
13,15,5,25,3,3,45
13,15,5,25,4,3,16
14,1,2,2,3,3,0
14,1,2,2,4,3,0
14,1,2,2,5,1,0
14,1,2,17,11,1,0
14,1,2,22,9,3,0
14,7,2,10,3,1,1
14,9,2,8,4,3,35
14,9,5,8,1,3,55
14,9,5,8,2,3,104
14,9,5,8,3,3,824
14,9,5,16,3,3,2707
14,9,5,18,1,3,90
14,9,5,18,2,3,816
14,9,5,18,3,3,2920
14,9,5,18,4,3,45
14,9,5,18,12,1,1
14,11,2,1,7,1,2
14,11,2,14,2,2,3
14,11,2,14,4,3,512
14,11,2,14,5,2,1
14,11,2,14,9,1,8
14,12,5,8,2,1,1
14,12,5,8,4,1,0
14,12,2,11,8,2,1
14,12,5,18,1,2,5
14,12,5,18,2,1,0
14,12,5,18,3,1,0
14,15,2,7,5,2,3
14,15,2,7,9,1,1
14,15,5,7,1,1,1
14,15,5,7,2,3,7
14,15,5,7,3,2,3
14,15,5,7,4,2,1
14,15,5,7,12,2,1
14,15,5,18,3,3,12
14,15,5,18,4,1,1
14,15,5,18,5,2,1
14,15,5,27,3,3,11
15,4,5,18,1,2,1
15,4,5,18,2,2,2
15,4,5,18,3,3,20
15,4,5,18,4,2,2
15,4,5,18,5,1,2
15,4,5,18,10,1,0
15,4,5,18,12,1,0
15,9,5,8,3,3,15
15,9,5,18,3,3,136
15,9,5,18,4,1,0
15,11,2,14,2,1,1
15,12,5,18,3,3,10
15,12,5,18,4,1,0
16,1,2,22,7,1,0
16,1,2,22,9,2,0
16,4,5,18,2,1,1
16,4,5,18,4,1,0
16,9,5,8,3,3,1
16,9,5,8,4,2,9
16,9,5,9,3,3,163
16,9,5,18,1,1,0
16,9,5,18,2,3,20
16,9,5,18,3,3,103
16,9,5,18,4,3,72
16,11,2,14,8,1,0
16,12,2,21,6,1,0
17,1,2,22,1,1,0
17,1,2,22,2,3,0
17,1,2,22,3,1,0
17,1,2,22,4,3,0
17,1,2,22,5,3,0
17,1,2,22,6,3,0
17,1,2,22,7,1,0
17,1,2,22,8,1,0
17,1,2,22,9,1,1
17,1,2,22,11,1,0
17,1,2,22,12,1,0
17,2,2,10,7,1,1
17,2,2,18,7,2,1
17,2,2,18,8,2,0
17,2,2,18,9,3,16
17,2,2,18,11,1,0
17,2,5,18,1,1,0
17,2,5,18,3,2,0
17,2,5,18,5,1,0
17,2,5,18,6,3,51
17,2,5,18,8,3,17
17,2,5,18,12,2,2
17,4,5,8,6,2,0
17,4,2,10,1,1,0
17,4,2,10,2,1,0
17,4,2,10,3,1,0
17,4,2,10,4,1,0
17,4,2,10,5,1,0
17,4,2,10,6,1,0
17,4,2,10,7,1,0
17,4,2,10,8,2,1
17,4,2,10,9,2,0
17,4,2,10,10,1,0
17,4,2,10,11,1,0
17,4,2,10,12,1,0
17,4,5,10,6,1,0
17,4,5,10,8,1,0
17,4,2,18,7,2,1
17,4,2,18,8,1,2
17,4,2,18,9,1,0
17,4,2,18,10,1,0
17,4,2,18,12,1,0
17,4,5,18,1,1,0
17,4,5,18,2,1,0
17,4,5,18,3,1,0
17,4,5,18,4,3,7
17,4,5,18,5,2,2
17,4,5,18,6,3,39
17,4,5,18,7,3,10
17,4,5,18,8,2,12
17,4,5,18,9,1,1
17,4,5,18,10,1,1
17,4,5,18,11,1,0
17,4,5,18,12,1,1
17,4,2,21,4,1,0
17,4,2,23,4,1,0
17,7,2,10,6,1,0
17,7,2,10,12,1,0
17,7,2,18,8,1,0
17,7,5,18,6,3,2
17,7,5,18,7,1,0
17,9,5,8,5,1,40
17,9,5,18,4,2,1
17,9,5,18,5,3,11
17,11,2,14,5,1,0
17,11,2,23,11,1,1
17,12,2,18,7,1,0
17,12,2,18,8,1,0
17,12,5,18,5,1,1
17,12,5,18,6,1,0
17,13,2,7,9,1,6
17,15,2,7,10,2,1
17,15,5,7,5,1,4
17,15,5,7,6,2,1
17,15,5,7,7,3,0
18,1,2,22,2,1,0
18,4,5,18,1,1,0
18,4,5,18,2,2,2
18,4,5,18,3,3,1
18,4,5,18,4,1,0
18,4,5,18,5,1,0
18,4,5,18,7,1,1
18,4,5,18,10,1,1
18,4,5,18,12,2,23
18,5,5,7,1,1,2
18,6,2,7,8,1,0
18,9,5,8,2,2,2
18,9,5,8,11,1,8
18,9,5,18,2,2,2
18,9,5,18,4,2,9
18,9,5,18,12,1,1
18,12,5,18,4,1,4
18,12,5,18,6,2,3
19,1,2,22,7,1,0
19,2,5,18,7,1,1
19,2,5,18,8,1,2
19,4,2,10,2,1,0
19,4,2,10,4,1,0
19,4,2,10,5,1,0
19,4,5,18,2,3,7
19,4,5,18,3,2,5
19,4,5,18,4,2,1
19,4,5,18,5,1,0
19,4,5,18,7,1,0
19,4,5,18,12,1,0
19,6,2,6,8,1,0
19,7,5,18,2,1,0
19,7,5,18,3,1,0
19,7,5,18,4,2,1
19,9,5,8,1,2,1
19,9,5,8,7,1,0
19,9,5,18,1,1,2
19,9,5,18,2,3,152
19,9,5,18,3,3,516
19,9,5,18,4,3,30
19,9,5,18,5,2,19
19,9,5,18,6,1,0
19,9,5,18,11,2,2
19,11,2,1,7,2,6
19,11,2,14,4,3,305
19,11,2,14,6,3,7
19,11,2,14,12,1,1
19,12,5,18,3,1,0
19,15,5,7,2,2,1
19,15,2,27,9,1,1
19,15,5,27,5,2,4
20,1,2,2,3,3,0
20,1,2,2,4,3,0
20,1,2,2,5,1,0
20,1,2,17,11,1,0
20,2,5,18,1,1,0
20,4,2,10,3,1,0
20,4,5,10,1,2,2
20,4,5,10,3,1,0
20,4,2,15,7,1,0
20,4,5,18,1,1,0
20,4,5,18,2,2,1
20,4,5,18,3,3,142
20,4,5,18,4,3,8
20,4,5,18,5,1,0
20,4,5,18,11,1,0
20,4,5,18,12,1,0
20,7,5,18,3,1,0
20,7,5,18,4,1,0
20,9,5,8,4,2,2
20,9,5,18,2,3,137
20,9,5,18,3,3,60
20,11,2,1,7,1,1
20,11,2,14,4,3,13
20,11,2,14,9,1,13
20,12,5,18,3,1,0
21,1,2,2,3,1,0
21,1,2,2,4,3,0
21,1,2,2,5,1,0
21,1,2,17,2,1,0
21,1,2,17,11,1,0
21,1,2,22,7,1,0
21,1,2,22,11,1,0
21,4,5,10,2,2,1
21,4,5,18,1,1,0
21,4,5,18,2,3,2
21,4,5,18,3,2,9
21,4,5,18,4,2,10
21,4,5,18,5,1,1
21,4,5,18,11,1,0
21,4,5,18,12,1,0
21,4,2,23,9,1,0
21,7,2,14,3,2,8
21,7,5,18,3,2,0
21,9,5,8,5,1,0
21,9,5,18,1,1,1
21,9,5,18,10,2,2
21,11,2,14,4,3,138
21,12,5,18,2,1,2
21,12,5,18,3,1,1
21,13,5,7,4,1,0
21,13,5,7,12,2,3
21,15,2,7,2,3,0
21,15,5,7,6,2,1
22,4,2,10,7,1,0
22,4,5,18,1,2,1
22,4,5,18,2,1,0
22,4,5,18,3,3,7
22,4,5,18,4,2,3
22,4,5,18,5,3,6
22,4,5,18,6,1,0
22,4,5,18,7,1,0
22,4,5,18,8,1,0
22,4,5,18,9,1,0
22,4,5,18,10,1,0
22,4,5,18,11,1,0
22,4,5,18,12,1,0
22,7,5,18,4,1,1
22,9,5,18,5,1,1
22,9,5,18,11,2,4
22,11,2,23,11,1,7
22,12,5,18,3,1,1
22,15,2,7,10,1,1
22,15,5,7,1,2,1
22,15,5,7,3,3,10
22,15,2,25,10,1,1
23,1,2,22,7,1,0
23,2,5,18,3,1,0
23,4,2,10,4,1,0
23,4,5,18,1,1,0
23,4,5,18,2,3,10
23,4,5,18,3,3,108
23,4,5,18,4,2,3
23,4,5,18,5,1,0
23,7,2,10,3,1,0
23,7,5,18,1,2,4
23,9,5,8,2,1,0
23,9,5,8,3,3,53
23,9,5,8,4,2,1
23,9,2,18,7,1,5
23,9,5,18,1,3,92
23,9,5,18,2,3,2294
23,9,5,18,3,3,1566
23,9,5,18,4,3,510
23,9,5,18,5,2,5
23,9,5,18,6,1,13
23,9,5,18,10,1,3
23,9,5,18,12,1,4
23,11,2,14,4,3,3550
23,11,2,14,12,1,1
23,12,5,18,3,3,90
23,15,2,7,6,3,12
23,15,2,7,8,1,1
23,15,2,7,9,1,1
23,15,5,7,5,2,1
23,15,5,27,3,1,1
24,1,2,22,2,1,0
24,4,5,18,1,2,2
24,4,5,18,4,1,0
24,4,5,18,12,1,2
24,7,5,18,6,2,52
24,9,5,18,3,1,2
24,9,5,18,12,3,5
25,1,2,2,3,3,0
25,1,2,2,4,1,0
25,1,2,2,5,1,0
25,1,2,17,8,1,0
25,1,2,17,11,3,0
25,1,2,22,2,3,0
25,1,2,22,6,3,0
25,1,2,22,9,3,0
25,2,5,18,4,2,3
25,4,2,10,1,1,0
25,4,2,10,2,1,0
25,4,2,10,3,1,0
25,4,2,10,4,2,1
25,4,2,10,5,1,0
25,4,2,10,7,1,0
25,4,2,10,11,2,2
25,4,2,10,12,1,0
25,4,5,10,2,1,0
25,4,5,10,3,1,0
25,4,5,10,4,3,0
25,4,5,18,1,1,0
25,4,5,18,2,3,75
25,4,5,18,3,1,1
25,4,5,18,4,3,8
25,4,5,18,5,2,2
25,4,5,18,6,1,0
25,4,5,18,7,1,0
25,4,5,18,12,1,3
25,7,5,18,12,1,2
25,9,5,18,3,1,1
25,9,5,18,4,1,1
25,11,2,14,9,3,51
25,12,5,18,2,1,1
25,12,5,18,4,1,1
25,15,2,7,7,2,4
26,1,2,17,11,1,0
26,1,2,22,6,1,0
26,9,5,8,4,1,0
26,9,5,18,1,1,0
26,9,5,18,2,3,61
26,9,5,18,3,3,185
26,9,5,18,4,1,0
26,11,2,14,12,2,1
27,1,2,2,3,3,0
27,1,2,2,4,1,0
27,1,2,2,5,3,0
27,1,2,17,2,3,0
27,1,2,17,8,1,0
27,1,2,17,11,3,0
27,1,2,22,1,3,0
27,1,2,22,6,1,0
27,1,2,22,9,3,0
27,2,5,18,4,1,0
27,4,2,10,1,2,1
27,4,2,10,2,1,0
27,4,2,10,3,1,0
27,4,2,10,4,1,0
27,4,2,10,5,1,0
27,4,2,10,6,1,0
27,4,2,10,8,2,1
27,4,2,10,9,1,0
27,4,2,10,10,1,0
27,4,2,10,11,1,1
27,4,2,10,12,1,1
27,4,5,10,1,1,0
27,4,5,10,3,1,0
27,4,5,10,4,1,0
27,4,5,18,1,1,0
27,4,5,18,2,2,0
27,4,5,18,3,2,2
27,4,5,18,4,3,24
27,4,5,18,5,2,3
27,4,5,18,6,2,1
27,4,5,18,10,1,0
27,4,5,18,11,2,1
27,4,5,18,12,1,0
27,5,2,7,3,1,0
27,5,2,7,5,1,0
27,5,2,7,9,1,0
27,5,2,7,10,3,0
27,5,5,7,1,3,0
27,5,5,7,2,1,0
27,5,5,7,3,3,0
27,5,5,7,4,3,0
27,5,5,7,10,1,0
27,5,5,7,11,3,0
27,5,5,7,12,3,0
27,9,5,18,3,2,9
27,9,5,18,11,1,1
27,11,2,14,4,2,1
27,13,5,7,3,2,0
27,13,5,7,4,1,0
27,13,5,7,5,1,0
27,13,5,7,11,1,0
27,15,2,7,3,2,4
27,15,2,7,11,2,1
27,15,5,7,4,2,3
27,15,5,7,5,2,2
27,15,5,7,11,2,5
28,1,2,2,3,3,0
28,1,2,2,4,3,0
28,1,2,17,8,1,0
28,1,2,17,11,1,0
28,1,2,22,6,1,0
28,9,5,18,2,3,21
28,9,5,18,3,3,99
28,9,5,18,4,3,42
29,2,5,18,5,1,1
29,4,2,10,5,1,0
29,4,5,18,1,1,0
29,4,5,18,2,1,1
29,4,5,18,3,2,5
29,4,5,18,4,3,18
29,4,5,18,5,3,50
29,4,5,18,6,1,0
29,4,5,18,10,1,0
29,4,5,18,11,1,0
29,4,5,18,12,2,3
29,9,5,18,1,3,5
29,9,5,18,2,1,0
29,9,5,18,4,1,1
29,9,5,18,5,2,21
29,11,2,14,4,3,11
29,11,2,14,5,3,57
29,12,5,18,1,1,1
29,12,5,18,2,1,0
29,12,5,18,5,2,5
29,12,5,18,12,1,2
30,1,2,22,2,1,0
30,2,5,18,4,2,3
30,4,2,10,1,1,0
30,4,2,10,3,1,0
30,4,2,10,5,1,0
30,4,2,10,8,1,0
30,4,2,10,10,2,3
30,4,2,10,11,1,0
30,4,2,10,12,1,0
30,4,5,10,2,1,0
30,4,5,10,4,1,1
30,4,5,10,5,3,9
30,4,5,10,6,3,3
30,4,5,10,10,1,0
30,4,5,10,11,1,0
30,4,2,14,1,1,0
30,4,2,18,10,1,0
30,4,5,18,1,3,6
30,4,5,18,2,3,11
30,4,5,18,3,3,107
30,4,5,18,4,3,15
30,4,5,18,5,3,62
30,4,5,18,6,2,8
30,4,5,18,7,1,0
30,4,5,18,8,1,1
30,4,5,18,10,2,4
30,4,5,18,11,2,2
30,4,5,18,12,2,3
30,5,2,7,9,1,0
30,5,5,7,3,3,0
30,5,5,7,10,1,1
30,5,2,18,9,1,2
30,5,5,18,10,1,0
30,6,2,7,11,1,0
30,7,5,18,1,1,0
30,7,5,18,4,1,1
30,7,5,18,5,2,4
30,7,5,18,12,1,0
30,9,5,8,2,1,2
30,9,5,8,10,1,4
30,9,2,18,9,2,4
30,9,5,18,1,3,3
30,9,5,18,2,3,2
30,9,5,18,3,3,38
30,9,5,18,4,2,29
30,9,5,18,5,3,149
30,9,5,18,6,2,17
30,9,5,18,7,1,3
30,9,5,18,10,2,47
30,9,5,18,11,3,22
30,9,5,18,12,2,11
30,11,2,1,2,1,2
30,11,2,1,6,1,1
30,11,2,10,9,1,3
30,11,2,14,2,2,10
30,11,2,14,4,1,1
30,11,2,14,5,1,5
30,11,2,21,11,1,1
30,12,2,10,3,1,1
30,12,5,10,4,1,1
30,12,2,12,8,1,0
30,12,5,18,3,1,0
30,12,5,18,4,1,0
30,12,5,18,5,1,2
30,12,5,18,7,1,1
31,1,2,2,3,3,0
31,1,2,2,4,3,0
31,1,2,17,8,1,0
31,1,2,22,3,3,0
31,1,2,22,6,1,0
31,1,2,22,9,3,0
31,2,5,18,3,1,0
31,4,5,3,11,1,0
31,4,2,10,1,1,0
31,4,2,10,2,1,0
31,4,2,10,5,1,0
31,4,5,10,2,1,0
31,4,5,10,3,1,0
31,4,5,10,4,3,1
31,4,5,10,6,1,0
31,4,5,18,1,1,3
31,4,5,18,2,1,0
31,4,5,18,3,2,1
31,4,5,18,4,1,0
31,9,5,8,3,1,0
31,9,5,18,2,1,0
31,9,5,18,3,3,42
31,9,5,18,4,1,0
31,12,5,18,2,1,1
31,12,5,18,3,1,0
31,12,5,18,4,1,0
32,4,5,18,4,1,0
32,7,5,18,2,1,0
32,7,5,18,3,1,0
32,7,5,18,4,1,0
32,9,2,18,7,3,38
32,9,2,18,9,1,1
32,9,5,18,5,3,60
32,9,5,18,6,3,52
32,9,5,18,7,3,62
32,9,5,18,9,2,1
32,9,5,18,12,3,46
32,15,2,7,12,2,4
32,15,5,7,1,1,1
32,15,5,7,3,2,1
32,15,5,7,6,1,1
32,15,5,7,11,3,21
33,1,2,2,3,1,0
33,1,2,2,4,1,0
33,1,2,2,5,1,0
33,1,2,22,9,3,0
33,9,5,8,5,3,201
33,9,5,9,3,3,188
33,9,5,10,4,3,125
33,9,5,18,1,1,3
33,9,5,18,2,3,136
33,9,5,18,3,3,369
33,9,5,18,4,3,95
33,9,5,18,5,3,503
33,9,5,18,12,1,2
33,11,2,1,7,1,5
33,11,2,14,2,1,1
33,11,2,14,4,3,10
33,15,2,7,3,1,1
33,15,2,7,9,1,1
33,15,5,7,3,2,2
33,15,5,7,4,2,1
33,15,5,18,1,2,1
34,1,2,22,2,1,0
34,4,2,10,7,1,0
34,4,5,10,3,1,0
34,4,5,10,5,2,2
34,4,5,18,2,1,0
34,4,5,18,4,1,0
34,4,5,18,6,2,3
34,4,5,18,10,1,0
34,6,2,7,8,1,0
34,7,5,18,5,1,0
34,13,5,7,1,1,0
35,1,2,2,3,1,0
35,1,2,2,4,1,0
35,1,2,2,5,1,0
35,4,2,10,3,2,2
35,4,5,18,1,2,1
35,4,5,18,3,2,1
35,4,5,18,4,2,4
35,4,5,18,5,1,1
35,7,5,18,3,1,0
35,7,5,18,5,1,65
35,9,5,8,2,3,27
35,9,5,18,1,2,6
35,9,5,18,2,3,147
35,9,5,18,3,3,945
35,9,5,18,4,3,11
35,9,5,18,5,3,208
35,9,5,18,12,1,2
35,11,2,1,7,1,2
35,11,2,14,2,1,7
35,11,2,14,5,2,1
35,11,2,14,12,1,0
35,12,5,18,2,1,0
35,12,5,18,5,1,0
36,1,2,17,2,1,0
36,1,2,22,7,1,0
36,2,5,8,4,1,0
36,2,5,18,3,1,1
36,4,2,10,9,1,0
36,4,5,10,3,2,1
36,4,5,18,1,1,0
36,4,5,18,2,2,1
36,4,5,18,3,2,2
36,4,5,18,4,2,1
36,4,5,18,5,1,0
36,9,5,8,2,3,5
36,9,5,8,3,1,5
36,9,5,8,5,2,1
36,9,5,18,3,3,38
36,9,5,18,4,3,53
36,9,5,18,5,2,1
36,11,2,1,7,1,2
36,12,5,8,4,1,0
36,12,5,18,3,1,1
36,12,5,18,4,1,0
37,4,2,10,3,1,0
37,4,2,10,5,1,0
37,4,5,10,1,2,3
37,4,5,10,2,1,0
37,4,5,18,1,2,2
37,4,5,18,2,2,3
37,4,5,18,3,3,3
37,4,5,18,4,2,1
37,4,5,18,5,1,0
37,4,5,18,12,2,3
37,7,5,18,1,1,2
37,7,5,18,2,1,0
37,9,5,18,1,3,48
37,9,5,18,2,2,2
37,9,5,18,3,3,430
37,9,5,18,4,3,24
37,9,5,18,5,2,18
37,11,2,14,4,3,1993
37,11,2,14,8,1,0
37,11,2,14,9,1,2
37,11,2,14,12,1,7
37,12,2,10,3,1,0
37,12,2,10,4,1,0
37,12,5,18,2,2,1
37,13,5,7,5,1,0
37,13,5,7,12,1,3
37,15,2,7,2,2,1
37,15,5,7,4,3,10
38,1,2,2,10,3,0
38,1,2,17,6,1,0
38,1,2,17,11,1,0
38,1,2,22,1,1,0
38,1,2,22,2,3,156
38,1,2,22,4,1,0
38,1,2,22,10,1,1
38,1,2,22,12,1,0
38,2,5,9,9,3,2
38,2,2,18,7,1,0
38,2,5,18,3,1,3
38,2,5,18,6,1,1
38,4,2,10,7,1,0
38,4,2,10,9,1,0
38,4,2,10,10,1,0
38,4,2,10,12,1,0
38,4,2,18,7,1,0
38,4,2,18,8,1,0
38,4,2,18,9,1,0
38,4,5,18,1,1,0
38,4,5,18,2,3,7
38,4,5,18,3,1,0
38,4,5,18,4,1,0
38,4,5,18,5,1,0
38,4,5,18,6,3,69
38,4,5,18,7,1,2
38,4,5,18,8,1,2
38,4,5,18,9,1,0
38,4,5,18,10,1,0
38,4,5,18,11,1,0
38,4,5,18,12,1,0
38,7,2,18,7,1,0
38,7,5,18,4,1,3
38,7,5,18,11,1,0
38,7,2,21,5,1,1
38,9,5,18,5,2,9
38,9,5,18,6,1,1
38,9,5,18,8,1,0
38,9,5,18,11,2,6
38,11,2,14,3,1,0
38,12,2,12,2,3,6
38,12,5,18,4,1,0
38,12,5,18,10,1,0
38,12,5,18,11,1,0
38,12,5,18,12,1,0
38,15,2,7,9,1,1
38,15,5,7,2,1,0
38,15,5,7,4,1,0
38,15,5,7,5,1,0
38,15,5,7,11,2,8
38,15,5,18,4,1,0
39,1,2,2,5,1,0
39,1,2,22,7,1,1
39,1,2,22,9,2,0
39,4,5,10,3,2,1
39,4,5,10,12,1,0
39,4,2,18,10,3,13
39,4,5,18,1,2,1
39,4,5,18,2,3,12
39,4,5,18,3,3,20
39,4,5,18,4,2,2
39,4,5,18,5,1,0
39,9,5,3,12,1,0
39,9,5,9,3,2,1
39,9,5,10,5,1,0
39,9,5,18,1,2,2
39,9,5,18,2,3,11
39,9,5,18,3,3,62
39,9,5,18,4,3,87
39,9,5,18,5,2,2
39,11,2,1,7,1,2
39,11,2,14,2,1,1
39,11,2,14,4,3,70
39,11,2,14,7,2,1
39,12,5,8,4,1,0
39,12,5,18,5,1,0
39,15,2,7,2,2,1
39,15,2,7,3,2,1
39,15,5,7,5,2,2
39,15,5,7,11,2,1
39,15,5,18,3,3,11
39,15,5,18,4,2,1
39,15,5,18,5,2,1
39,15,5,27,12,2,2
40,7,5,18,1,3,2
40,7,5,18,5,1,2
40,9,5,9,3,2,8
40,9,5,18,1,3,108
40,9,5,18,2,2,6
40,9,5,18,3,3,101
40,9,5,18,4,3,10
40,9,5,18,5,2,1
40,10,2,7,1,1,0
40,10,2,7,9,1,1
40,11,2,14,2,1,1
40,11,2,14,4,1,1
40,11,2,14,9,1,1
40,12,5,18,1,1,1
40,12,5,18,2,3,1
40,12,5,18,3,1,0
40,12,5,18,10,1,0
40,15,2,7,3,3,0
40,15,5,7,3,2,2
40,15,5,7,4,2,2
41,4,2,10,8,1,0
41,4,5,18,1,1,0
41,4,5,18,2,1,1
41,4,5,18,7,1,0
41,4,5,18,9,1,0
41,4,5,18,10,1,0
41,11,2,14,2,1,2
42,4,2,10,7,1,0
42,4,5,18,1,1,0
42,4,5,18,2,1,0
42,4,5,18,3,2,6
42,4,5,18,4,1,0
42,4,5,18,5,2,14
42,4,5,18,7,1,1
42,4,5,18,8,2,1
42,4,5,18,12,1,0
42,9,5,8,3,1,7
42,9,5,8,4,1,1
42,9,5,18,1,1,0
42,9,5,18,2,2,1
42,9,5,18,3,1,5
42,9,5,18,4,3,16
42,9,5,18,5,3,4
42,9,5,18,6,2,7
42,9,5,18,7,1,1
42,9,5,18,10,2,14
42,9,5,18,11,2,5
42,11,2,1,2,1,2
42,11,2,14,5,1,2
42,11,2,23,11,1,1
42,12,5,18,7,1,1
42,13,5,7,5,1,0
42,15,5,7,1,3,30
42,15,5,7,10,3,13
43,2,5,18,6,2,16
43,4,2,10,3,1,4
43,4,5,18,3,1,0
43,4,5,18,4,2,2
43,4,5,18,5,1,0
43,9,5,18,1,1,1
43,9,5,18,11,1,12
43,11,2,14,9,2,1
43,12,5,18,11,1,1
43,13,5,7,5,1,0
44,1,2,2,3,3,0
44,1,2,22,6,1,0
44,1,2,22,9,2,0
44,2,5,18,3,2,3
44,4,5,18,2,1,0
44,4,5,18,3,1,0
44,9,5,8,1,2,3
44,9,5,8,3,2,2
44,9,5,18,1,1,6
44,9,5,18,2,3,47
44,9,5,18,3,3,62
44,9,5,18,5,2,11
44,11,2,14,3,3,13
44,11,2,14,10,1,0
44,12,5,18,1,3,0
44,12,5,18,3,1,0
44,15,5,7,1,3,26
44,15,5,7,2,3,51
45,4,5,18,4,1,5
45,4,5,18,5,2,2
45,4,5,18,12,2,1
45,7,5,18,6,1,0
45,9,2,4,4,1,0
45,9,5,8,1,1,0
45,9,5,8,2,2,6
45,9,5,8,3,1,0
45,9,5,8,5,3,684
45,9,5,18,1,3,165
45,9,5,18,2,1,25
45,9,5,18,3,3,693
45,9,5,18,4,3,677
45,9,5,18,5,3,1880
45,9,5,18,10,3,27
45,9,5,18,12,3,132
45,10,2,7,1,2,1
45,10,2,7,11,2,14
45,10,2,7,12,3,47
45,11,2,14,4,3,181
45,12,2,11,8,2,3
45,12,5,18,1,1,1
45,13,5,7,5,1,0
46,2,5,18,1,2,3
46,2,5,18,3,2,9
46,4,2,10,6,2,1
46,4,2,10,7,1,0
46,4,2,10,9,1,0
46,4,2,10,11,2,0
46,4,5,10,1,3,4
46,4,5,10,3,1,0
46,4,5,18,1,3,20
46,4,5,18,2,3,116
46,4,5,18,3,3,27
46,4,5,18,4,3,39
46,4,5,18,5,3,96
46,4,5,18,6,1,0
46,4,5,18,8,1,1
46,4,5,18,9,1,0
46,4,5,18,11,2,1
46,4,5,18,12,2,1
46,7,2,10,8,1,1
46,7,5,18,1,2,3
46,7,5,18,3,1,0
46,7,5,18,4,3,0
46,7,5,18,5,3,22
46,9,5,8,1,3,123
46,9,5,8,3,3,70
46,9,5,8,4,3,15
46,9,5,18,1,3,521
46,9,5,18,2,3,418
46,9,5,18,3,3,1238
46,9,5,18,4,3,145
46,9,5,18,5,3,123
46,9,5,18,6,2,3
46,9,5,18,12,1,1
46,10,2,5,3,1,1
46,10,2,5,4,2,1
46,10,2,7,1,1,0
46,10,2,7,4,1,0
46,10,2,7,11,2,0
46,10,2,7,12,1,10
46,11,2,14,2,2,1
46,11,2,14,4,3,460
46,11,2,14,9,2,1
46,11,2,14,10,1,0
46,11,2,14,11,1,0
46,11,2,14,12,3,25
46,11,2,24,3,3,3418
46,11,2,24,4,3,23
46,12,5,18,1,1,0
46,12,5,18,2,2,2
46,12,5,18,3,3,1
46,12,5,18,5,1,1
46,13,5,7,4,2,1
46,13,5,7,5,3,0
46,14,2,23,3,3,0
46,15,5,7,5,2,8
47,4,2,10,8,1,0
47,4,2,18,7,1,0
47,4,5,18,2,1,0
47,4,5,18,3,1,0
47,4,5,18,4,2,4
47,4,5,18,5,1,0
47,4,5,18,12,1,0
47,5,5,7,10,3,0
47,6,2,6,8,1,0
47,9,5,8,5,3,20
47,9,5,16,6,2,6
47,9,5,18,7,2,1
47,9,5,18,10,2,3
47,9,5,18,11,2,2
47,9,5,18,12,1,6
47,11,2,1,7,3,631
47,11,2,14,2,1,1
47,11,2,14,10,3,187
48,4,5,10,1,1,1
48,4,2,18,8,2,1
48,4,5,18,1,2,5
48,4,5,18,2,3,12
48,4,5,18,3,3,67
48,4,5,18,4,3,12
48,4,5,18,5,3,10
48,4,5,18,12,1,5
48,6,2,7,4,2,0
48,7,5,18,3,3,9
48,7,5,18,4,2,1
48,9,5,18,3,2,3
48,13,5,7,1,2,1
48,13,5,7,2,3,11
48,13,5,7,3,3,28
48,15,2,7,6,1,1
48,15,2,7,8,2,3
48,15,2,7,9,1,1
48,15,2,7,11,1,1
48,15,5,7,6,2,5
48,15,5,7,10,3,12
49,4,2,10,1,1,0
49,4,2,10,2,1,0
49,4,2,10,3,1,0
49,4,2,10,5,1,0
49,4,5,10,2,2,0
49,4,2,15,5,1,0
49,4,5,18,1,1,0
49,4,5,18,2,2,5
49,4,5,18,3,2,6
49,4,5,18,4,2,1
49,4,5,18,5,2,2
49,7,2,10,3,1,0
49,7,2,10,6,1,0
49,7,5,18,1,1,0
49,7,5,18,2,1,1
49,7,5,18,3,1,0
49,7,5,18,4,1,0
49,7,5,18,7,1,0
49,9,5,8,5,1,1
49,9,2,18,7,1,0
49,9,5,18,1,1,0
49,9,5,18,2,3,331
49,9,5,18,3,3,378
49,9,5,18,4,3,30
49,9,5,18,5,1,0
49,10,2,7,8,1,1
49,11,2,14,4,3,999
49,11,2,14,8,1,0
49,12,2,10,7,2,1
49,12,5,18,3,1,0
50,4,5,10,6,2,3
50,4,5,18,1,2,1
50,4,5,18,3,1,0
50,4,5,18,4,1,1
50,4,5,18,5,1,0
50,4,5,18,6,1,1
50,4,5,18,9,2,9
50,4,5,18,10,2,2
50,4,5,18,11,2,1
50,4,5,18,12,1,0
50,7,2,10,7,1,0
50,7,5,18,3,1,0
50,7,5,18,4,1,1
50,7,5,18,5,2,2
50,7,5,18,6,1,0
50,9,2,8,7,3,0
50,9,5,8,3,3,19
50,9,5,8,4,1,0
50,9,5,8,6,3,0
50,9,5,8,9,3,0
50,9,5,8,10,1,0
50,9,5,8,11,2,0
50,9,5,9,2,3,20
50,9,5,9,6,2,0
50,9,5,10,7,3,6
50,9,2,18,7,1,0
50,9,2,18,9,2,1
50,9,5,18,1,3,6
50,9,5,18,2,1,0
50,9,5,18,3,3,9
50,9,5,18,4,3,142
50,9,5,18,5,3,46
50,9,5,18,6,3,0
50,9,5,18,7,1,0
50,9,5,18,9,3,58
50,9,5,18,10,3,9
50,9,5,18,11,3,35
50,9,5,18,12,2,2
50,12,5,9,2,1,0
50,12,2,12,5,2,0
50,12,2,12,7,1,0
50,12,5,12,7,2,1
50,12,5,18,3,1,0
50,12,5,18,4,1,1
50,12,5,18,6,1,0
50,12,5,18,12,1,1
50,15,2,7,6,1,0
50,15,2,7,7,1,1
50,15,2,7,8,2,1
50,15,2,7,9,2,4
50,15,5,7,1,1,0
50,15,5,7,2,3,14
50,15,5,7,3,2,7
50,15,5,7,4,3,14
50,15,5,7,8,1,2
50,15,5,7,9,2,3
50,15,5,7,10,3,44
50,15,5,7,11,2,3
50,15,5,7,12,2,10
50,15,2,27,11,1,1
50,15,5,27,8,1,1
50,15,5,27,9,1,1
50,15,5,27,10,1,1
51,1,2,2,3,3,0
51,1,2,2,4,1,0
51,1,2,2,5,1,0
51,1,2,22,9,3,0
51,4,5,18,1,1,0
51,4,5,18,2,2,2
51,4,5,18,3,1,0
51,9,5,8,1,1,3
51,9,5,18,1,2,6
51,9,5,18,3,3,81
51,9,5,18,5,2,5
51,12,5,18,2,1,1
51,12,5,18,3,1,4
51,12,5,18,4,3,0
51,12,5,18,5,3,14
51,15,2,7,1,3,3
51,15,5,7,4,2,1
51,15,5,18,3,2,4
52,1,2,22,2,1,0
52,4,2,10,8,1,0
52,4,5,10,2,1,0
52,4,2,18,8,1,0
52,4,5,18,2,2,3
52,4,5,18,3,2,5
52,4,5,18,4,2,2
52,4,5,18,5,1,0
52,4,5,18,10,1,0
52,7,2,10,2,1,0
52,7,5,18,3,1,0
52,7,5,18,5,1,0
52,9,5,8,3,2,2
52,9,5,18,3,2,9
52,11,2,14,2,1,2
52,12,5,18,3,1,0
53,1,2,2,10,1,0
53,1,2,22,11,3,0
53,4,5,10,5,3,0
53,4,2,18,7,1,2
53,4,2,18,8,1,0
53,4,2,18,9,1,0
53,4,5,18,1,1,0
53,4,5,18,2,1,0
53,4,5,18,3,1,0
53,4,5,18,4,1,0
53,4,5,18,5,1,0
53,4,5,18,6,1,0
53,4,5,18,8,1,0
53,4,5,18,10,1,0
53,4,5,18,11,1,0
53,4,5,18,12,2,2
53,7,5,10,6,2,0
53,7,5,18,2,1,0
53,7,5,18,3,1,0
53,9,2,18,7,1,1
53,9,2,18,9,2,3
53,9,5,18,3,3,2
53,9,5,18,4,2,5
53,9,5,18,9,2,9
53,9,5,18,10,2,5
53,12,2,18,7,1,0
53,12,2,18,9,1,1
53,12,2,18,10,1,0
53,12,5,18,1,1,1
53,12,5,18,5,1,0
53,12,5,18,6,1,0
53,12,5,18,8,1,1
53,12,5,18,11,1,0
53,12,5,18,12,1,0
53,15,2,7,8,2,3
53,15,2,7,9,2,20
53,15,5,7,3,3,3
53,15,5,7,4,3,7
53,15,5,7,8,3,67
53,15,5,7,9,2,0
53,15,5,7,10,3,46
53,15,5,7,11,2,9
53,15,5,7,12,2,9
53,15,2,27,10,1,0
54,1,2,22,2,1,0
54,4,2,10,7,1,0
54,4,5,18,1,1,0
54,4,5,18,3,3,9
54,4,5,18,4,1,2
54,4,5,18,5,1,0
54,4,5,18,10,1,1
54,4,5,18,12,1,0
54,7,5,18,1,1,0
54,7,5,18,2,2,2
54,9,5,8,2,1,0
54,9,5,18,1,2,2
54,9,5,18,2,1,1
54,9,5,18,3,1,0
54,9,5,18,4,2,8
54,9,5,18,11,2,1
54,11,2,14,2,2,2
54,13,5,7,1,2,0
54,13,5,7,3,3,0
55,4,5,18,11,1,0
55,9,5,18,6,1,0
56,4,2,10,8,2,6
56,4,2,10,10,2,2
56,4,2,10,12,1,0
56,4,5,10,2,1,0
56,4,2,18,7,1,0
56,4,5,18,2,1,0
56,4,5,18,3,1,0
56,4,5,18,4,2,7
56,4,5,18,5,1,0
56,4,5,18,6,1,0
56,4,5,18,7,1,0
56,4,5,18,11,2,1
56,4,5,18,12,3,42
56,5,5,18,10,1,0
56,7,5,18,6,2,3
56,9,5,8,4,3,61
56,9,5,8,7,1,4
56,9,2,18,7,3,20
56,9,5,18,2,2,0
56,9,5,18,4,3,32
56,9,5,18,7,3,105
56,9,5,18,10,1,1
56,9,5,18,11,1,1
56,9,5,18,12,2,3
56,11,2,14,2,2,8
56,12,5,18,11,1,0
57,2,5,18,3,2,3
57,2,5,18,5,2,1
57,2,5,18,6,2,5
57,4,2,18,7,1,0
57,4,2,18,9,1,0
57,4,2,18,10,1,0
57,4,5,18,1,2,2
57,4,5,18,2,1,0
57,4,5,18,3,1,1
57,4,5,18,4,1,1
57,4,5,18,5,1,0
57,4,5,18,6,1,0
57,4,5,18,7,2,2
57,4,5,18,10,1,0
57,4,5,18,11,1,0
57,4,5,18,12,1,0
57,7,5,18,4,1,0
57,7,5,18,5,3,11
57,7,5,18,6,1,0
57,9,5,8,3,2,6
57,9,5,8,5,3,20
57,9,5,8,6,3,15
57,9,5,8,7,2,2
57,9,5,8,8,2,11
57,9,2,18,7,1,0
57,9,2,18,8,1,0
57,9,2,18,10,1,0
57,9,2,18,11,1,0
57,9,2,18,12,2,2
57,9,5,18,1,1,4
57,9,5,18,2,1,0
57,9,5,18,3,1,1
57,9,5,18,4,3,11
57,9,5,18,5,3,5
57,9,5,18,6,3,13
57,9,5,18,7,2,5
57,9,5,18,8,2,6
57,9,5,18,9,1,0
57,9,5,18,10,2,3
57,11,2,1,2,1,1
57,11,2,14,2,2,5
57,12,5,16,3,1,0
57,12,2,18,7,1,0
57,12,5,18,1,1,0
57,12,5,18,2,1,0
57,12,5,18,4,1,1
57,12,5,18,6,1,0
57,12,5,18,7,1,0
57,12,5,18,8,1,0
57,12,5,18,10,1,1
57,15,2,7,3,3,14
57,15,5,7,1,1,5
57,15,5,7,8,2,10
57,15,5,7,12,1,1
58,1,2,2,1,3,0
58,1,2,2,3,3,0
58,1,2,2,4,1,0
58,1,2,2,5,3,0
58,1,2,2,7,1,0
58,1,2,2,11,1,0
58,1,2,17,2,3,0
58,1,2,17,8,3,0
58,1,2,17,9,1,0
58,1,2,17,11,3,0
58,1,2,22,1,3,0
58,1,2,22,6,1,0
58,1,2,22,9,3,0
58,2,5,18,5,1,0
58,2,5,18,7,2,1
58,2,5,18,10,1,0
58,4,2,10,1,1,0
58,4,2,10,2,1,0
58,4,2,10,3,1,0
58,4,2,10,4,1,0
58,4,2,10,5,1,0
58,4,2,10,6,1,0
58,4,2,10,7,2,1
58,4,2,10,8,1,0
58,4,2,10,9,1,0
58,4,2,10,10,1,0
58,4,2,10,11,1,0
58,4,2,10,12,1,0
58,4,5,10,3,1,0
58,4,5,10,10,1,0
58,4,2,18,7,1,0
58,4,2,18,8,2,1
58,4,2,18,9,1,0
58,4,5,18,1,2,1
58,4,5,18,3,2,3
58,4,5,18,4,2,1
58,4,5,18,5,1,2
58,4,5,18,6,2,1
58,4,5,18,7,2,3
58,4,5,18,10,2,1
58,4,5,18,11,2,1
58,4,5,18,12,2,1
58,4,2,21,8,3,0
58,5,5,7,10,1,0
58,5,5,7,11,3,0
58,6,2,7,8,3,0
58,7,2,10,1,1,0
58,7,5,18,12,1,0
58,9,2,18,9,2,5
58,9,2,18,12,2,1
58,9,5,18,3,3,7
58,9,5,18,5,2,7
58,9,5,18,12,2,1
58,11,2,14,4,1,1
58,11,2,14,9,1,1
58,13,2,7,9,1,0
58,13,5,7,1,1,0
58,13,5,7,10,1,0
58,15,2,7,7,2,1
58,15,2,7,9,1,1
58,15,2,7,11,2,6
58,15,5,7,1,2,1
58,15,5,7,3,3,16
58,15,5,7,4,2,5
58,15,5,7,8,2,4
58,15,5,7,10,2,3
58,15,5,7,11,2,8
59,1,2,2,3,3,0
59,1,2,17,2,1,0
59,1,2,22,1,3,0
59,1,2,22,2,3,3
59,1,2,22,3,1,0
59,1,2,22,4,3,0
59,1,2,22,5,3,0
59,1,2,22,6,1,0
59,1,2,22,7,3,0
59,1,2,22,8,3,0
59,1,2,22,10,3,0
59,1,2,22,11,3,0
59,1,2,22,12,3,0
59,2,5,8,8,1,4
59,2,2,9,1,1,0
59,2,5,18,1,1,0
59,2,5,18,3,1,0
59,2,5,18,5,1,0
59,2,5,18,10,2,4
59,2,5,18,11,2,8
59,2,5,18,12,3,39
59,4,2,8,10,1,0
59,4,2,10,1,1,0
59,4,2,10,2,1,0
59,4,2,10,3,1,0
59,4,2,10,4,1,0
59,4,2,10,5,1,0
59,4,2,10,7,1,0
59,4,2,10,9,1,0
59,4,2,10,10,1,0
59,4,2,10,11,1,0
59,4,2,10,12,2,1
59,4,5,10,3,1,0
59,4,5,10,4,1,0
59,4,5,10,6,1,0
59,4,2,18,7,1,0
59,4,2,18,9,1,0
59,4,5,18,1,3,3
59,4,5,18,2,1,0
59,4,5,18,3,1,0
59,4,5,18,4,2,1
59,4,5,18,5,1,0
59,4,5,18,6,1,0
59,4,5,18,7,1,0
59,4,5,18,8,1,2
59,4,5,18,9,1,1
59,4,5,18,10,1,0
59,4,5,18,11,1,0
59,4,5,18,12,1,0
59,4,2,21,5,1,0
59,4,2,21,8,1,0
59,4,2,21,12,2,0
59,5,2,7,10,3,0
59,5,5,7,2,3,0
59,5,5,7,4,1,0
59,5,5,7,12,3,2
59,9,2,18,9,2,1
59,9,5,18,2,2,2
59,9,5,18,3,3,48
59,9,5,18,4,2,1
59,9,5,18,6,2,4
59,9,5,18,10,2,1
59,9,5,18,11,2,4
59,9,5,18,12,1,1
59,11,2,14,9,1,3
59,13,5,7,12,1,1
59,15,2,7,8,1,5
59,15,2,7,11,1,1
59,15,5,7,1,2,4
59,15,5,7,2,2,1
59,15,5,7,4,2,1
59,15,5,7,10,2,4
59,15,5,7,11,2,1
59,15,5,7,12,2,5
60,1,2,2,3,1,0
60,1,2,2,4,3,0
60,1,2,2,5,1,0
60,1,2,17,2,1,0
60,1,2,17,11,1,0
60,1,2,22,2,1,0
60,1,2,22,3,3,0
60,1,2,22,5,1,0
60,1,2,22,7,3,0
60,1,2,22,8,3,0
60,1,2,22,12,1,0
60,2,5,18,3,3,17
60,2,5,18,10,2,2
60,2,5,18,12,3,2
60,4,2,10,5,1,0
60,4,2,10,9,2,3
60,4,5,10,1,1,0
60,4,5,10,3,1,0
60,4,5,10,4,3,4
60,4,2,12,3,1,0
60,4,2,18,7,1,0
60,4,5,18,1,2,4
60,4,5,18,2,2,3
60,4,5,18,3,2,15
60,4,5,18,4,3,12
60,4,5,18,5,2,6
60,4,5,18,7,1,0
60,4,5,18,8,1,0
60,4,5,18,10,1,0
60,4,5,18,11,1,0
60,4,5,18,12,1,0
60,4,2,23,9,1,0
60,5,2,7,9,1,0
60,7,5,18,4,1,0
60,9,5,8,4,1,0
60,9,5,18,2,2,9
60,9,5,18,3,3,6
60,9,5,18,4,3,14
60,9,5,18,5,3,15
60,9,5,18,10,1,1
60,11,2,1,7,1,5
60,11,2,14,4,3,172
60,11,2,14,9,3,61
60,12,5,18,1,1,0
60,12,5,18,2,1,1
60,12,5,18,3,1,0
60,12,5,18,4,1,5
60,15,2,7,7,2,1
60,15,2,7,8,1,1
60,15,5,7,1,1,1
60,15,5,7,3,2,1
60,15,5,7,4,1,0
60,15,5,7,6,2,3
60,15,5,7,7,2,5
60,15,5,7,9,2,1
60,15,2,27,7,2,1
61,1,2,2,3,1,0
61,1,2,2,4,1,1
61,1,2,17,8,1,0
61,1,2,22,6,1,1
61,1,2,22,9,3,1
61,4,2,10,4,2,2
61,4,2,10,9,2,2
61,4,2,10,12,2,1
61,4,5,10,1,2,1
61,4,5,10,2,1,0
61,4,5,18,1,2,6
61,4,5,18,2,3,69
61,4,5,18,3,3,43
61,4,5,18,4,3,17
61,4,5,18,5,2,6
61,4,5,18,11,2,1
61,4,2,21,6,1,0
61,7,2,10,11,1,0
61,7,5,21,2,3,5
61,9,5,8,1,3,93
61,9,5,8,4,3,70
61,9,5,8,5,2,8
61,9,5,9,3,1,1
61,9,5,18,1,3,685
61,9,5,18,2,3,413
61,9,5,18,3,3,787
61,9,5,18,4,3,228
61,9,5,18,5,3,293
61,9,5,18,7,3,13
61,9,5,18,12,2,8
61,11,2,1,7,2,36
61,11,2,14,2,2,171
61,11,2,14,4,3,89
61,11,2,14,5,3,12
61,11,2,14,8,1,2
61,11,2,14,11,2,2
61,11,2,14,12,1,0
61,11,2,23,11,1,2
61,12,2,4,11,2,4
61,12,5,18,1,2,2
61,12,5,18,3,3,16
61,12,5,18,4,1,0
61,12,5,18,5,1,1
61,14,2,23,3,3,0
61,15,2,7,3,3,14
61,15,2,7,9,2,2
61,15,2,7,10,2,2
61,15,5,7,2,3,17
61,15,5,7,3,2,5
61,15,5,7,4,2,2
61,15,5,7,5,1,1
61,15,5,7,8,1,4
61,15,2,27,8,1,1
61,15,5,27,3,2,1
62,1,2,17,2,1,0
62,1,2,22,3,3,0
62,4,5,10,3,1,1
62,4,2,18,12,1,0
62,4,5,18,1,1,0
62,4,5,18,2,1,0
62,4,5,18,3,1,0
62,4,5,18,5,1,0
62,4,5,18,6,1,0
62,4,5,18,10,1,0
62,4,5,18,11,1,0
62,4,5,18,12,1,0
62,9,5,8,6,2,1
62,9,5,18,1,2,2
62,9,5,18,3,2,11
62,9,5,18,12,2,2
62,11,2,14,1,2,1
62,11,2,14,2,1,4
62,11,2,14,5,1,6
62,15,2,7,9,1,1
62,15,5,7,3,2,1
62,15,5,7,10,3,35
62,15,5,7,11,3,13
62,15,5,7,12,2,3
62,15,2,18,8,1,1
63,8,6,10,1,1,0
63,8,6,10,7,1,0
63,8,6,10,8,1,0
63,8,6,10,9,1,0
63,8,6,10,12,1,0
63,9,5,18,1,2,5
63,9,5,18,2,3,276
63,9,5,18,3,3,185
63,9,5,18,5,2,0
63,11,2,14,9,1,3
63,15,5,7,3,1,1
64,2,5,18,3,1,0
64,2,5,18,6,1,1
64,2,5,18,11,1,0
64,4,2,10,7,1,0
64,4,2,10,8,1,0
64,4,2,10,9,1,0
64,4,2,10,10,1,0
64,4,2,10,12,1,0
64,4,5,10,2,1,1
64,4,5,10,3,1,0
64,4,5,10,12,1,0
64,4,5,14,6,1,0
64,4,2,15,6,1,0
64,4,2,18,7,1,0
64,4,2,18,8,1,0
64,4,2,18,12,1,0
64,4,5,18,1,3,15
64,4,5,18,2,1,1
64,4,5,18,3,3,6
64,4,5,18,4,3,116
64,4,5,18,5,1,0
64,4,5,18,6,1,0
64,4,5,18,7,1,0
64,4,5,18,9,1,1
64,4,5,18,10,1,0
64,4,5,18,11,1,0
64,4,5,18,12,3,14
64,7,5,18,4,1,3
64,7,5,18,5,2,1
64,9,5,8,2,2,5
64,9,5,8,4,3,3
64,9,5,8,6,1,0
64,9,2,18,9,2,5
64,9,5,18,2,2,5
64,9,5,18,3,3,30
64,9,5,18,4,3,24
64,9,5,18,5,2,8
64,9,5,18,6,3,1
64,9,5,18,10,2,3
64,9,5,18,11,1,0
64,9,5,18,12,2,2
64,11,2,14,4,2,9
64,11,2,14,5,1,11
64,11,2,14,7,1,0
64,12,5,18,1,1,0
64,12,5,18,3,1,0
64,12,5,18,5,1,1
64,13,5,7,4,2,0
64,13,5,7,5,3,2
64,13,5,7,11,1,0
64,15,5,7,6,1,1
64,15,2,26,9,1,2
64,15,2,27,9,1,0
65,1,2,17,1,1,0
65,1,2,22,5,1,0
66,9,5,18,1,1,0
66,9,5,18,2,3,160
66,9,5,18,3,1,3
66,9,5,18,5,1,0
66,11,2,1,7,1,1
66,15,2,7,8,2,5
67,4,2,10,5,1,0
67,4,2,10,6,1,0
67,4,5,18,1,3,150
67,4,5,18,2,3,25
67,9,5,8,2,2,10
67,9,5,18,1,1,6
67,9,5,18,2,3,150
67,9,5,18,3,3,77
67,10,2,7,1,2,8
67,10,2,7,4,2,4
67,10,2,7,10,1,1
67,10,2,7,12,3,28
67,11,2,14,4,3,436
67,11,2,14,12,1,1
67,12,5,18,2,1,0
67,12,2,19,11,1,0
67,13,5,7,4,1,0
67,15,2,7,5,2,10
68,9,5,18,1,3,1
68,9,5,18,2,3,20
68,9,5,18,3,3,63
68,11,2,14,4,3,552
68,12,5,18,2,2,2
68,13,5,7,4,1,3
68,15,5,7,11,2,1
69,4,2,10,2,1,0
69,4,2,10,10,1,0
69,4,5,18,2,1,0
69,4,5,18,3,3,11
69,4,5,18,4,3,104
69,4,5,18,5,2,1
69,7,5,18,3,3,30
69,9,5,18,1,2,3
69,9,5,18,2,3,4
69,9,5,18,3,3,608
69,9,5,18,4,3,15
69,11,2,1,7,1,1
69,11,2,14,4,3,303
69,11,2,14,6,3,191
69,12,5,18,2,1,0
69,15,5,7,3,1,0
70,4,5,18,2,1,0
70,4,5,18,3,2,1
70,7,5,18,1,1,1
70,9,5,18,2,3,120
70,9,5,18,3,1,1
70,9,5,18,5,1,1
70,11,2,14,4,3,545
70,11,2,14,5,1,0
70,11,2,14,6,2,1
70,11,2,14,12,1,1
70,15,2,7,3,2,2
71,4,5,10,3,1,0
71,4,5,18,1,2,3
71,4,5,18,2,1,0
71,4,5,18,3,1,0
71,4,5,18,4,1,3
71,4,5,18,5,1,0
71,7,5,18,3,1,0
71,9,5,8,3,2,2
71,9,5,8,5,2,1
71,9,5,18,1,1,6
71,9,5,18,2,3,14
71,9,5,18,3,3,33
71,9,5,18,4,3,25
71,9,5,18,5,1,3
71,9,5,18,7,2,1
71,9,5,18,12,1,1
71,11,2,14,4,1,348
71,12,5,18,5,1,0
71,15,5,7,4,2,5
72,4,5,18,4,1,0
72,4,5,18,6,1,0
72,4,5,18,11,1,1
72,9,5,8,4,2,3
72,9,5,16,4,1,0
72,9,2,18,6,1,0
72,9,2,18,8,2,2
72,9,5,18,1,3,0
72,9,5,18,3,1,0
72,9,5,18,4,3,10
72,9,5,18,5,1,0
72,9,5,18,6,3,1
72,9,5,18,7,2,2
72,9,5,18,10,2,1
72,9,5,18,11,2,2
72,9,5,18,12,1,15
72,12,2,12,2,1,2
72,12,2,12,6,2,3
72,12,5,18,7,1,0
72,15,2,7,8,2,2
72,15,2,7,9,2,2
72,15,5,7,1,1,1
72,15,5,7,2,3,4
72,15,5,7,3,1,2
72,15,5,7,4,2,1
72,15,5,7,6,1,1
72,15,5,7,8,2,7
72,15,5,7,9,2,4
72,15,5,7,10,1,1
72,15,5,7,11,3,39
72,15,5,7,12,1,4
72,15,5,18,5,1,1
72,15,5,27,9,1,1
72,15,5,27,10,1,1
73,1,2,2,3,1,0
73,9,5,18,1,3,13
73,9,5,18,2,3,76
73,9,5,18,3,3,18
73,9,5,18,4,2,1
73,11,2,1,6,1,2
73,11,2,14,2,1,4
73,11,2,14,4,1,0
73,11,2,14,9,1,7
73,15,5,7,1,2,1
74,2,5,18,4,1,1
74,4,2,10,3,1,0
74,4,5,18,1,3,0
74,4,5,18,2,1,0
74,4,5,18,3,2,5
74,4,5,18,4,2,3
74,4,5,18,5,1,1
74,4,5,18,6,1,0
74,7,5,18,2,1,0
74,9,5,8,1,1,0
74,9,5,9,3,1,0
74,9,5,18,1,3,1
74,9,5,18,2,2,5
74,9,5,18,3,3,20
74,9,5,18,4,2,14
74,9,5,18,5,2,1
74,11,2,14,4,2,24
74,12,5,18,5,1,1
74,15,5,7,2,2,5
74,15,5,7,3,3,0
75,1,2,2,3,3,0
75,1,2,2,4,1,0
75,4,5,10,2,2,1
75,4,5,18,1,1,0
75,4,5,18,2,1,1
75,4,5,18,3,1,0
75,4,5,18,4,1,0
75,4,5,18,5,1,0
75,9,5,18,1,3,4
75,9,5,18,2,2,70
75,9,5,18,3,3,32
75,9,5,18,4,3,4
75,9,5,18,5,2,3
75,11,2,14,4,1,1
75,11,2,14,9,1,3
75,12,5,18,2,3,11
75,13,5,7,5,3,0
75,15,2,7,3,2,5
75,15,5,7,3,2,1
75,15,5,18,3,2,1
76,4,5,18,3,2,1
76,4,5,18,4,1,0
76,4,5,18,6,1,0
76,4,5,18,9,3,30
76,4,5,18,10,3,1
76,4,5,18,11,2,2
76,7,5,18,3,2,1
76,7,5,18,4,1,0
76,7,5,18,12,1,0
76,9,5,8,4,1,0
76,9,5,8,6,3,26
76,9,5,8,7,3,0
76,9,2,18,7,3,2
76,9,2,18,9,1,1
76,9,2,18,10,3,0
76,9,2,18,11,2,1
76,9,2,18,12,1,21
76,9,5,18,1,1,0
76,9,5,18,2,1,1
76,9,5,18,3,3,8
76,9,5,18,4,3,16
76,9,5,18,5,3,56
76,9,5,18,6,3,15
76,9,5,18,7,3,49
76,9,5,18,9,3,6
76,9,5,18,10,3,4
76,9,5,18,11,1,2
76,9,5,18,12,2,11
76,12,5,18,4,1,2
76,12,5,18,5,1,0
76,12,5,18,9,1,1
76,12,5,18,10,1,1
76,12,5,18,11,1,0
76,12,5,18,12,1,1
76,15,2,7,1,2,4
76,15,2,7,7,2,1
76,15,2,7,8,2,4
76,15,2,7,9,3,98
76,15,2,7,10,2,2
76,15,2,7,12,2,8
76,15,5,7,1,1,1
76,15,5,7,2,2,2
76,15,5,7,3,2,4
76,15,5,7,4,2,4
76,15,5,7,5,3,15
76,15,5,7,6,2,2
76,15,5,7,7,2,2
76,15,5,7,8,3,141
76,15,5,7,9,3,190
76,15,5,7,10,3,215
76,15,5,7,11,3,34
76,15,5,7,12,3,58
76,15,2,27,10,2,11
77,4,5,18,2,1,0
77,4,5,18,3,1,0
77,4,5,18,4,2,1
77,6,2,7,5,3,0
77,7,5,18,3,1,0
77,8,6,10,12,1,0
77,9,5,8,3,2,0
77,9,5,9,3,1,0
77,9,5,18,2,2,8
77,9,5,18,3,3,26
77,9,5,18,4,3,11
77,12,5,18,2,1,0
77,12,5,18,3,1,0
77,12,5,18,4,1,0
78,1,2,17,2,1,0
78,1,2,22,7,1,0
78,4,5,18,3,1,0
78,9,5,8,1,3,8
78,9,5,18,2,1,0
78,9,5,18,3,2,3
78,9,5,18,4,2,8
78,11,2,14,4,2,3
78,12,5,18,3,1,1
78,12,5,18,4,1,2
79,1,2,17,10,3,0
79,1,2,22,1,1,0
79,1,2,22,4,2,0
79,1,2,22,5,1,0
79,1,2,22,8,3,0
79,1,2,22,9,3,0
79,2,5,8,11,2,2
79,2,5,18,2,1,0
79,2,5,18,3,2,3
79,2,5,18,5,2,4
79,2,5,18,10,2,2
79,2,5,18,11,1,0
79,2,5,18,12,1,0
79,4,5,8,10,1,0
79,4,2,10,2,1,0
79,4,2,10,6,2,0
79,4,2,10,8,1,0
79,4,2,10,9,1,1
79,4,2,10,11,1,0
79,4,5,18,1,1,0
79,4,5,18,2,1,0
79,4,5,18,3,1,0
79,4,5,18,4,3,37
79,4,5,18,5,2,1
79,4,5,18,11,1,0
79,4,5,18,12,1,0
79,5,2,7,10,1,1
79,5,5,7,5,3,0
79,5,5,7,10,1,0
79,5,5,7,12,3,0
79,6,2,7,1,1,0
79,6,2,7,4,1,0
79,7,2,10,11,1,0
79,7,5,18,3,1,0
79,9,5,9,3,1,1
79,9,2,18,7,2,1
79,9,5,18,1,3,15
79,9,5,18,3,3,20
79,9,5,18,4,2,7
79,9,5,18,5,2,6
79,9,5,18,10,3,77
79,9,5,18,11,2,19
79,9,5,18,12,2,4
79,11,2,14,5,2,5
79,11,2,14,6,1,0
79,12,5,18,3,1,0
79,12,5,18,4,2,2
79,12,5,18,10,1,0
79,13,5,7,11,1,0
79,15,5,7,6,1,2
79,15,5,7,7,2,1
79,15,5,7,11,2,2
80,2,5,18,1,1,0
80,2,5,18,4,1,0
80,2,5,18,5,1,0
80,2,5,18,6,1,0
80,2,5,18,12,2,8
80,4,2,10,3,1,0
80,4,2,10,10,1,0
80,4,2,10,11,1,0
80,4,2,10,12,1,0
80,4,2,18,7,1,0
80,4,2,18,8,1,0
80,4,2,18,9,1,0
80,4,2,18,10,1,1
80,4,2,18,11,1,0
80,4,5,18,1,3,25
80,4,5,18,2,1,0
80,4,5,18,3,3,170
80,4,5,18,4,1,0
80,4,5,18,5,3,23
80,4,5,18,6,3,10
80,4,5,18,7,2,6
80,4,5,18,8,1,0
80,4,5,18,9,1,0
80,4,5,18,10,2,1
80,4,5,18,11,3,36
80,4,5,18,12,1,2
80,7,2,18,7,2,9
80,9,5,8,4,2,10
80,9,2,18,10,1,1
80,9,5,18,3,1,0
80,9,5,18,5,3,0
80,9,5,18,11,2,6
80,11,2,14,2,2,7
80,12,2,18,10,1,1
80,12,5,18,5,1,1
80,12,5,18,11,1,0
80,15,2,7,8,1,6
80,15,2,7,9,1,1
81,4,5,18,3,1,0
81,4,5,18,4,1,0
81,4,5,18,5,2,1
81,4,5,18,6,1,0
81,4,5,18,10,1,0
81,4,5,18,11,1,0
81,9,5,8,4,2,3
81,9,5,16,4,1,0
81,9,5,18,3,2,1
81,9,5,18,5,3,25
81,9,5,18,11,1,0
81,11,2,14,3,1,1
81,11,2,14,5,1,1
81,12,5,18,6,1,0
81,15,2,7,10,1,2
81,15,5,7,2,2,4
81,15,5,7,10,1,2
81,15,5,7,11,2,8
82,1,2,22,2,1,0
82,2,2,18,11,2,2
82,2,5,18,2,1,0
82,2,5,18,3,3,55
82,2,5,18,4,1,2
82,2,5,18,5,1,0
82,2,5,18,10,1,1
82,2,5,18,12,3,20
82,4,2,10,6,2,2
82,4,2,10,12,2,1
82,4,5,10,1,2,3
82,4,5,10,2,3,3
82,4,5,10,5,2,10
82,4,5,10,6,3,14
82,4,5,10,12,1,0
82,4,2,18,7,1,0
82,4,2,18,8,1,1
82,4,2,18,9,1,0
82,4,2,18,12,1,0
82,4,5,18,1,3,16
82,4,5,18,2,3,108
82,4,5,18,3,3,283
82,4,5,18,4,3,121
82,4,5,18,5,3,58
82,4,5,18,6,3,34
82,4,5,18,7,2,10
82,4,5,18,8,2,0
82,4,5,18,9,2,2
82,4,5,18,10,2,2
82,4,5,18,11,3,27
82,4,5,18,12,2,8
82,5,5,7,3,1,0
82,7,5,18,1,2,2
82,7,5,18,2,2,3
82,7,5,18,3,2,7
82,7,5,18,4,2,6
82,7,5,18,5,1,0
82,7,5,18,6,1,2
82,7,5,18,10,1,1
82,7,5,18,12,1,0
82,7,2,21,3,1,0
82,9,5,8,3,2,17
82,9,5,8,4,2,1
82,9,5,8,5,2,6
82,9,2,18,12,2,3
82,9,5,18,1,3,11
82,9,5,18,2,3,66
82,9,5,18,3,3,372
82,9,5,18,4,3,22
82,9,5,18,5,2,1
82,9,5,18,6,2,5
82,9,5,18,9,2,2
82,9,5,18,10,3,59
82,9,5,18,11,3,13
82,9,5,18,12,3,7
82,11,2,14,2,1,1
82,11,2,14,4,1,1
82,11,2,14,5,1,0
82,11,2,23,11,1,2
82,12,2,10,12,1,0
82,12,5,18,1,2,1
82,12,5,18,2,2,6
82,12,5,18,3,2,17
82,12,5,18,4,2,1
82,12,5,18,6,2,1
82,12,5,18,8,1,0
82,13,5,7,1,2,1
82,13,5,7,2,1,0
82,13,5,7,3,3,0
82,13,5,7,4,2,5
82,13,5,7,9,1,0
82,15,2,7,7,2,2
82,15,2,7,8,2,1
82,15,5,7,6,3,5
82,15,5,7,7,2,2
82,15,5,7,10,2,2
83,1,2,17,11,1,0
83,1,2,22,8,3,0
83,1,2,22,9,1,0
83,2,2,18,9,3,1
83,2,5,18,3,1,0
83,2,5,18,4,2,6
83,2,5,18,11,1,1
83,4,2,10,1,1,0
83,4,2,10,3,1,0
83,4,2,10,5,1,0
83,4,2,10,6,1,1
83,4,2,10,7,1,0
83,4,2,10,8,1,0
83,4,2,10,9,1,0
83,4,5,10,1,1,0
83,4,5,10,2,1,0
83,4,5,10,3,1,0
83,4,5,10,4,1,0
83,4,5,10,6,1,0
83,4,5,10,11,1,0
83,4,5,12,3,1,0
83,4,2,15,2,1,0
83,4,2,15,3,1,0
83,4,2,15,4,1,0
83,4,2,15,5,1,0
83,4,2,15,6,1,0
83,4,2,15,7,1,0
83,4,2,15,12,1,0
83,4,2,18,9,1,1
83,4,5,18,1,2,8
83,4,5,18,2,3,9
83,4,5,18,3,3,17
83,4,5,18,4,2,5
83,4,5,18,5,1,4
83,4,5,18,6,1,2
83,4,5,18,10,1,0
83,4,5,18,11,1,0
83,4,5,18,12,1,2
83,5,5,7,2,2,0
83,7,5,18,2,1,0
83,9,5,8,4,1,0
83,9,5,8,5,1,0
83,9,5,8,10,2,7
83,9,2,18,8,1,1
83,9,2,18,9,2,1
83,9,5,18,1,2,5
83,9,5,18,3,3,25
83,9,5,18,4,2,26
83,9,5,18,5,2,2
83,9,5,18,6,2,9
83,9,5,18,10,2,5
83,9,5,18,11,3,10
83,9,5,18,12,3,19
83,11,2,14,10,2,13
83,12,5,18,1,1,0
83,12,5,18,3,1,0
83,12,5,18,4,1,0
83,13,5,7,11,1,0
83,15,5,7,6,1,1
83,15,5,7,11,1,1
84,1,2,22,12,1,0
84,2,5,18,5,1,0
84,4,2,10,1,1,0
84,4,2,10,6,1,0
84,4,2,10,7,1,1
84,4,2,10,8,1,0
84,4,2,10,9,1,0
84,4,2,10,10,1,1
84,4,2,10,12,1,0
84,4,5,10,3,1,0
84,4,5,10,12,1,1
84,4,2,18,7,1,0
84,4,2,18,8,1,0
84,4,2,18,9,1,0
84,4,2,18,10,1,0
84,4,2,18,12,1,0
84,4,5,18,1,3,9
84,4,5,18,2,1,0
84,4,5,18,3,2,1
84,4,5,18,4,1,0
84,4,5,18,5,1,0
84,4,5,18,6,2,4
84,4,5,18,7,1,1
84,4,5,18,8,1,0
84,4,5,18,9,1,0
84,4,5,18,10,1,0
84,4,5,18,11,2,1
84,4,5,18,12,1,0
84,7,5,18,12,1,1
84,9,5,9,7,2,4
84,9,2,18,9,2,1
84,9,5,18,1,2,2
84,9,5,18,2,2,1
84,9,5,18,3,2,3
84,9,5,18,4,2,0
84,9,5,18,5,3,1
84,9,5,18,6,3,5
84,9,5,18,7,3,0
84,9,5,18,11,2,9
84,9,5,18,12,3,4
84,12,2,10,11,1,0
84,12,5,18,1,1,1
84,12,5,18,2,1,0
84,12,5,18,4,1,0
84,12,5,18,5,1,2
84,12,5,18,11,1,0
84,12,5,18,12,1,4
84,13,5,7,12,1,0
84,15,2,7,8,2,1
84,15,2,7,9,3,12
84,15,2,7,11,1,0
84,15,5,7,10,2,4
84,15,5,7,11,2,2
84,15,2,27,10,2,2
85,1,2,2,3,3,0
85,1,2,2,4,3,0
85,1,2,17,8,1,0
85,1,2,17,11,1,0
85,1,2,22,6,1,0
85,1,2,22,9,3,0
85,9,5,8,3,3,504
85,9,5,18,1,2,8
85,9,5,18,2,3,177
85,9,5,18,3,3,4612
85,9,5,18,4,3,5
85,9,5,18,5,2,3
85,11,2,1,7,1,3
85,15,2,7,3,3,15
86,2,5,18,6,1,0
86,4,2,10,2,1,0
86,4,2,10,10,1,0
86,4,5,10,2,1,1
86,4,5,10,12,1,0
86,4,5,18,1,3,3
86,4,5,18,2,3,0
86,4,5,18,3,1,0
86,4,5,18,4,2,2
86,4,5,18,5,1,0
86,4,5,18,10,1,0
86,4,5,18,11,1,0
86,4,5,18,12,1,0
86,6,2,6,8,1,0
86,7,5,18,10,2,1
86,9,2,8,6,2,1
86,9,5,18,3,1,0
86,9,5,18,5,3,63
86,9,5,18,6,2,2
86,9,5,18,10,1,0
86,9,5,18,11,3,13
86,9,5,18,12,1,1
86,11,2,1,7,1,1
86,15,2,7,8,2,7
86,15,5,7,5,1,1
86,15,5,7,7,2,2
86,15,5,7,8,2,3
87,1,2,17,2,1,0
87,1,2,22,7,1,0
87,4,5,18,1,2,5
87,4,5,18,2,2,4
87,4,5,18,3,3,37
87,9,5,18,1,3,278
87,9,5,18,2,3,349
87,9,5,18,3,3,66
87,9,5,18,4,2,2
87,11,2,14,4,3,105
87,11,2,14,8,1,1
87,12,5,18,3,1,0
87,12,5,18,5,1,1
87,15,2,7,3,2,4
88,1,2,22,2,1,0
88,1,2,22,4,1,0
88,1,2,22,5,3,0
88,1,2,22,7,3,0
88,1,2,22,8,3,0
88,1,2,22,11,1,0
88,2,5,18,1,2,8
88,2,5,18,4,1,1
88,2,5,18,11,1,2
88,4,2,10,1,1,0
88,4,2,10,2,1,0
88,4,2,10,3,1,0
88,4,2,10,5,1,0
88,4,2,10,6,1,0
88,4,2,10,10,1,0
88,4,2,10,12,1,0
88,4,5,18,1,1,0
88,4,5,18,3,1,0
88,4,5,18,4,1,0
88,4,5,18,6,1,0
88,4,5,18,7,1,0
88,4,5,18,11,1,0
88,4,5,18,12,1,0
88,6,2,7,8,3,0
88,6,2,7,9,2,0
88,6,5,7,1,3,0
88,7,5,18,4,1,0
88,9,2,18,7,3,0
88,9,5,18,3,2,14
88,9,5,18,12,3,21
88,15,5,7,3,1,1
89,1,2,2,3,1,0
89,1,2,2,4,1,0
89,1,2,2,5,1,0
89,1,2,17,11,1,0
89,1,2,22,9,3,0
89,4,5,18,2,1,1
89,4,5,18,3,1,0
89,4,5,18,4,2,1
89,9,5,8,1,1,0
89,9,5,8,2,3,100
89,9,5,8,4,3,11
89,9,5,16,2,3,2
89,9,5,18,1,3,764
89,9,5,18,2,3,578
89,9,5,18,3,3,1090
89,9,5,18,4,2,4
89,9,5,18,12,1,0
89,11,2,14,2,1,0
89,11,2,14,4,2,9
89,11,2,14,5,1,0
89,11,2,14,9,1,1
89,12,5,8,3,1,1
89,12,5,18,1,1,1
89,12,5,18,3,1,0
89,12,5,18,4,1,0
90,4,2,23,4,3,170
90,7,2,10,2,1,0
90,7,5,18,2,1,0
90,9,5,18,1,3,31
90,9,5,18,2,3,96
90,9,5,18,3,3,196
90,9,5,18,4,1,0
90,9,5,18,5,2,6
90,11,2,14,4,3,700
90,11,2,14,6,3,360
90,11,2,14,12,1,1
90,12,5,18,1,1,0
90,15,2,7,8,2,3
90,15,5,7,5,2,1
90,15,5,7,10,1,1
91,2,5,18,10,2,2
91,2,5,18,12,3,24
91,4,5,10,7,2,2
91,4,2,18,8,1,1
91,4,5,18,1,1,0
91,4,5,18,2,1,0
91,4,5,18,4,2,4
91,4,5,18,6,1,1
91,4,5,18,7,2,0
91,4,5,18,10,2,1
91,4,5,18,11,3,4
91,6,2,6,8,1,0
91,9,2,8,9,2,5
91,9,5,8,11,2,4
91,9,5,18,3,3,42
91,9,5,18,5,2,1
91,9,5,18,12,3,26
91,11,2,1,7,3,689
91,13,5,7,4,2,0
91,13,5,7,10,1,0
91,13,5,7,11,1,0
91,13,5,18,10,1,0
92,1,2,2,3,1,0
92,1,2,2,5,1,0
92,1,2,17,1,1,0
92,1,2,22,3,3,0
92,1,2,22,4,2,0
92,4,2,10,10,1,0
92,4,2,10,11,1,0
92,4,5,10,4,1,0
92,4,2,18,7,1,0
92,4,2,18,8,1,0
92,4,2,18,9,1,0
92,4,2,18,11,1,0
92,4,5,18,1,1,0
92,4,5,18,2,1,0
92,4,5,18,3,2,1
92,4,5,18,4,1,0
92,4,5,18,5,1,4
92,4,5,18,6,1,0
92,4,5,18,7,1,0
92,4,5,18,8,1,0
92,4,5,18,9,1,0
92,4,5,18,10,1,0
92,4,5,18,11,1,0
92,4,5,18,12,2,2
92,9,2,18,7,2,0
92,9,2,18,9,2,3
92,9,5,18,1,1,0
92,9,5,18,2,2,7
92,9,5,18,3,2,6
92,9,5,18,4,3,25
92,9,5,18,5,3,50
92,9,5,18,6,3,16
92,9,5,18,7,1,0
92,9,5,18,8,1,2
92,9,5,18,10,1,0
92,9,5,18,11,2,5
92,9,5,18,12,1,0
92,11,2,14,2,2,22
92,11,2,14,4,1,0
92,11,2,14,5,1,15
92,11,2,14,10,1,0
92,12,5,18,2,1,0
92,12,5,18,3,1,1
92,12,5,18,4,3,7
92,12,5,18,5,1,12
92,12,5,18,6,2,31
92,12,5,18,7,1,0
92,15,2,7,9,1,0
92,15,2,7,11,2,1
92,15,5,7,3,1,2
92,15,5,7,4,2,25
92,15,5,7,10,3,11
92,15,5,7,11,1,1
92,15,5,7,12,3,12
92,15,2,18,9,2,3
93,4,5,18,1,1,0
93,4,5,18,2,3,12
93,4,5,18,3,2,4
93,4,5,18,4,1,0
93,4,5,18,5,2,2
93,4,5,18,6,1,1
93,4,5,18,8,1,0
93,4,5,18,10,1,0
93,4,5,18,12,1,0
93,7,5,18,1,1,0
93,7,5,18,4,2,2
93,9,5,5,2,3,13
93,9,5,8,1,1,30
93,9,5,18,1,3,144
93,9,5,18,2,3,333
93,9,5,18,3,3,110
93,9,5,18,4,3,97
93,9,5,18,5,3,17
93,9,5,18,11,3,50
93,10,2,7,1,3,261
93,10,2,7,2,3,552
93,10,2,7,3,3,8
93,10,2,7,4,3,66
93,10,2,7,5,3,283
93,10,2,7,6,3,43
93,10,2,7,9,3,0
93,10,2,7,12,3,29
93,11,2,14,4,3,1406
93,11,2,14,5,1,0
93,11,2,14,9,1,0
93,11,2,24,3,1,2
93,12,2,14,4,1,0
93,12,5,18,1,2,2
93,12,5,18,2,1,1
93,12,5,18,6,1,0
93,13,5,7,3,2,3
94,4,2,10,8,1,1
94,4,2,10,9,2,22
94,4,2,10,10,1,2
94,4,2,18,12,2,0
94,4,5,18,1,2,1
94,4,5,18,3,3,51
94,4,5,18,4,2,3
94,9,5,18,3,3,1
94,9,5,18,4,2,0
94,11,2,14,2,1,2
94,11,2,14,5,1,1
95,2,5,18,2,1,1
95,4,2,18,10,1,0
95,4,5,18,1,3,0
95,4,5,18,2,1,5
95,4,5,18,3,2,2
95,4,5,18,4,1,1
95,4,5,18,5,1,0
95,4,5,18,6,1,1
95,4,5,18,7,1,0
95,7,5,18,5,1,0
95,9,5,8,7,1,0
95,9,2,10,12,3,16
95,9,5,18,1,3,13
95,9,5,18,2,2,2
95,9,5,18,3,3,212
95,9,5,18,4,3,10
95,9,5,18,5,3,7
95,9,5,18,11,2,4
95,9,5,18,12,3,15
95,11,2,14,5,1,1
95,11,2,23,11,1,0
95,12,5,18,11,1,1
95,13,5,7,4,1,0
96,1,2,2,4,1,0
96,9,5,8,1,2,5
96,9,5,8,3,3,22
96,9,5,18,1,1,60
96,9,5,18,2,3,2
96,9,5,18,3,3,535
96,9,5,18,4,1,0
96,12,5,8,2,1,1
96,15,5,7,1,2,6
97,1,2,2,3,3,0
97,1,2,2,4,3,0
97,1,2,22,6,1,0
97,1,2,22,9,2,0
97,9,5,18,2,3,201
97,9,5,18,3,3,63
97,9,5,18,4,3,0
97,12,5,18,2,1,1
97,12,5,18,3,1,0
97,12,5,18,4,1,1
97,15,2,7,7,2,1
98,1,2,2,4,1,0
98,4,5,18,1,2,1
98,9,5,18,1,2,5
98,9,5,18,2,2,5
98,9,5,18,3,3,21
98,11,2,14,4,2,10
98,12,5,18,1,1,1
98,12,5,18,3,1,1
98,15,5,7,2,2,2
98,15,5,7,12,2,4
98,15,5,18,3,1,1
99,2,5,18,3,3,14
99,4,5,18,1,1,0
99,4,5,18,2,2,9
99,4,5,18,3,2,2
99,4,5,18,4,2,1
99,4,5,18,5,2,2
99,7,5,18,3,1,0
99,7,5,18,4,1,0
99,7,5,18,12,1,0
99,9,5,8,4,2,0
99,9,5,18,1,1,0
99,9,5,18,2,3,127
99,9,5,18,3,3,12
99,9,5,18,4,1,1
99,9,5,18,12,3,23
99,11,2,14,4,1,1
99,11,2,14,12,1,1
99,11,2,23,11,1,1
99,12,5,18,3,1,0
99,13,5,7,2,2,1
99,13,5,7,3,3,0
99,15,2,7,1,3,17
99,15,2,7,5,1,1
99,15,5,7,1,1,1
99,15,5,7,5,1,0
99,15,5,27,3,1,1
100,2,5,18,2,1,1
100,4,2,10,8,1,0
100,4,5,10,4,1,2
100,4,5,18,1,1,0
100,4,5,18,2,1,0
100,4,5,18,3,2,4
100,4,5,18,4,3,7
100,4,5,18,5,3,4
100,4,5,18,6,1,0
100,4,5,18,7,1,0
100,4,5,18,11,1,0
100,4,5,18,12,2,3
100,9,5,8,2,3,18
100,9,5,18,1,2,10
100,9,5,18,2,1,1
100,9,5,18,3,2,9
100,9,5,18,4,3,16
100,9,5,18,5,3,12
100,9,5,18,6,3,6
100,9,5,18,8,3,0
100,9,5,18,10,1,1
100,9,5,18,11,2,1
100,9,5,18,12,2,0
100,11,2,14,4,2,3
100,11,2,14,5,1,10
100,12,5,18,4,1,0
100,13,5,7,3,1,0
100,15,2,7,7,1,1
100,15,5,7,1,2,6
100,15,5,7,4,1,4
100,15,5,7,7,2,1
100,15,5,7,11,2,3
101,4,5,18,3,1,0
101,4,5,18,4,1,1
101,4,5,18,10,1,0
101,7,5,18,3,1,0
101,9,5,18,10,1,1
102,4,5,18,2,1,0
102,4,5,18,5,1,1
102,4,5,18,12,1,1
102,9,5,18,12,2,1
102,12,5,18,3,1,0
102,12,5,18,7,1,1
103,2,5,18,3,1,1
103,4,5,18,3,1,0
103,4,5,18,4,2,1
103,7,2,10,4,1,0
103,7,5,18,2,1,0
103,7,5,18,3,1,0
103,7,5,18,4,1,0
103,7,5,18,5,1,0
103,9,2,8,3,3,105
103,9,5,8,4,3,0
103,9,5,18,1,2,5
103,9,5,18,3,2,1
103,9,5,18,4,3,0
103,9,5,18,5,3,149
103,11,2,1,7,1,2
103,11,2,14,4,3,119
103,11,2,14,9,1,4
103,11,2,14,12,1,2
103,12,5,18,1,1,0
103,12,5,18,2,1,0
103,12,5,18,3,1,1
103,12,5,18,5,1,0
103,15,2,7,3,3,48
103,15,5,27,3,2,3
104,4,2,18,9,2,3
104,4,5,18,1,1,0
104,4,5,18,2,1,0
104,4,5,18,3,2,9
104,4,5,18,4,3,8
104,4,5,18,5,3,11
104,4,5,18,6,3,9
104,4,5,18,11,2,1
104,4,5,18,12,1,0
104,6,2,7,3,2,0
104,9,5,18,1,2,3
104,9,5,18,3,2,8
104,9,5,18,4,2,2
104,9,5,18,11,2,1
104,11,2,14,2,1,1
104,11,2,14,6,2,6
104,11,2,14,8,1,1
104,12,5,18,3,1,0
104,13,5,7,1,2,1
104,13,5,7,3,3,0
104,15,5,7,11,1,1
105,1,2,2,3,1,0
105,9,5,8,2,3,70
105,9,5,8,3,2,1
105,9,5,18,1,1,4
105,9,5,18,2,3,25
105,9,5,18,3,3,34
105,9,5,18,4,3,45
105,9,5,18,5,2,2
105,10,2,7,6,1,24
105,10,2,7,8,1,0
105,12,5,18,2,1,0
105,15,5,7,2,1,1
106,2,5,18,12,1,0
106,4,2,10,4,1,0
106,4,5,10,3,1,0
106,4,5,18,1,2,4
106,4,5,18,2,3,3
106,4,5,18,3,3,17
106,4,5,18,4,3,25
106,4,5,18,5,2,6
106,4,5,18,7,2,1
106,4,5,18,8,3,2
106,4,5,18,12,1,0
106,7,2,10,7,1,0
106,7,5,18,1,1,0
106,7,5,18,3,3,5
106,7,5,18,4,2,2
106,7,5,18,12,1,1
106,8,6,10,8,1,0
106,8,6,10,9,1,0
106,8,6,10,11,1,0
106,8,6,10,12,1,0
106,9,5,18,1,2,4
106,9,5,18,2,2,4
106,9,5,18,3,3,11
106,9,5,18,4,2,2
106,9,5,18,11,2,2
106,9,5,18,12,3,3
106,11,2,14,5,1,1
106,12,5,18,2,1,2
106,12,5,18,3,2,2
106,12,5,18,11,1,0
106,15,2,7,8,3,72
107,4,2,10,4,2,1
107,4,2,10,5,1,0
107,4,2,10,7,1,1
107,4,2,10,10,1,0
107,4,2,10,12,1,0
107,4,5,10,2,3,0
107,4,5,18,1,1,0
107,4,5,18,2,3,17
107,4,5,18,3,3,371
107,4,5,18,4,1,0
107,4,5,18,5,2,1
107,9,5,8,2,3,511
107,9,5,8,3,2,3
107,9,5,8,4,3,11
107,9,5,8,5,2,31
107,9,5,18,1,3,35
107,9,5,18,2,3,830
107,9,5,18,3,3,866
107,9,5,18,4,3,806
107,9,5,18,5,3,49
107,9,5,18,6,1,6
107,9,5,18,10,2,1
107,9,5,18,11,3,3
107,9,5,18,12,1,31
107,10,2,7,1,2,10
107,10,2,7,2,2,4
107,10,2,7,12,3,19
107,11,2,14,4,3,557
107,11,2,14,6,3,0
107,11,2,14,8,1,2
107,12,2,18,8,1,0
107,12,5,18,6,3,1
107,13,5,7,4,1,0
107,15,2,7,8,2,3
107,15,2,7,11,2,1
107,15,2,7,12,2,1
107,15,2,26,10,2,3
107,15,2,26,11,1,0
108,4,2,10,7,3,5
108,4,5,18,1,1,0
108,4,5,18,2,1,0
108,4,5,18,3,1,0
108,4,5,18,4,1,0
108,4,5,18,6,1,0
108,4,5,18,11,1,0
108,4,5,18,12,1,0
108,7,5,18,3,1,1
108,9,5,18,3,1,1
108,11,2,14,2,1,1
108,11,2,14,5,1,1
108,11,2,14,9,1,1
108,12,5,18,3,1,0
108,15,5,7,6,3,26
109,1,2,2,4,1,0
109,1,2,2,5,1,0
109,1,2,17,11,1,0
109,1,2,22,9,2,0
109,9,5,8,1,2,10
109,9,5,16,1,2,0
109,9,5,16,3,3,27
109,9,5,18,1,2,1
109,9,5,18,2,3,67
109,9,5,18,3,3,120
109,9,5,18,4,2,1
109,11,2,14,4,2,4
109,15,2,7,3,2,1
109,15,2,7,5,2,4
109,15,5,7,3,2,1
109,15,5,7,11,1,1
110,4,5,18,2,1,0
110,7,2,10,8,1,0
110,7,5,18,2,1,0
110,9,2,8,3,3,159
110,9,5,18,1,1,6
110,9,5,18,2,3,30
110,9,5,18,3,3,31
110,9,5,18,4,3,18
110,10,2,7,1,1,0
110,10,2,7,5,1,1
110,11,2,14,2,1,0
110,11,2,14,3,1,0
110,11,2,14,4,3,133
110,12,5,18,2,1,0
110,13,5,7,4,1,0
111,4,5,10,5,2,1
111,4,5,18,2,1,0
111,4,5,18,3,1,0
111,4,5,18,4,1,0
111,4,5,18,5,1,0
111,9,5,8,1,2,11
111,9,5,8,5,3,23
111,9,5,18,1,3,21
111,9,5,18,2,2,13
111,9,5,18,3,3,37
111,9,5,18,4,2,8
111,9,5,18,5,3,26
111,12,5,18,3,1,0
111,15,5,7,3,3,13
111,15,5,7,4,2,5
112,1,2,22,8,3,0
112,2,2,10,1,1,0
112,2,5,18,1,1,0
112,2,5,18,4,2,10
112,4,2,10,1,1,0
112,4,2,10,2,1,0
112,4,2,10,3,1,1
112,4,2,10,4,1,0
112,4,2,10,7,1,0
112,4,2,10,8,1,1
112,4,2,10,9,1,0
112,4,2,10,10,1,0
112,4,2,10,11,1,0
112,4,2,10,12,1,0
112,4,5,10,1,1,0
112,4,5,10,8,2,0
112,4,5,18,1,3,24
112,4,5,18,2,2,7
112,4,5,18,3,3,22
112,4,5,18,4,1,1
112,4,5,18,5,1,0
112,4,5,18,6,1,0
112,4,5,18,7,1,0
112,4,5,18,10,1,0
112,4,5,18,11,1,0
112,4,5,18,12,1,1
112,4,2,21,12,1,0
112,4,2,23,4,2,5
112,5,2,7,3,1,0
112,5,2,7,4,3,0
112,5,2,7,8,3,0
112,5,2,7,11,3,31
112,5,5,7,3,3,0
112,5,5,7,12,1,0
112,6,2,7,8,3,0
112,7,5,18,2,1,0
112,9,5,3,4,2,4
112,9,5,18,1,3,163
112,9,5,18,3,2,3
112,9,5,18,4,2,1
112,9,5,18,5,1,0
112,9,5,18,10,2,2
112,9,5,18,12,1,1
112,11,2,14,6,2,4
112,11,2,14,9,1,2
112,15,2,7,12,2,2
112,15,5,7,2,2,1
112,15,5,7,4,1,1
112,15,5,7,9,2,1
112,15,5,7,11,2,1
113,4,5,18,2,1,1
113,7,5,18,5,1,0
113,9,5,8,4,3,10
113,9,5,8,7,3,267
113,9,2,18,6,3,393
113,9,2,18,7,3,739
113,9,5,18,3,3,0
113,9,5,18,4,3,1
113,9,5,18,6,3,727
113,9,5,18,7,3,276
113,9,5,18,9,1,28
113,9,5,18,11,2,14
113,13,2,7,7,3,3
113,15,2,7,9,2,1
113,15,2,7,10,1,1
113,15,5,7,2,2,1
113,15,5,7,4,2,7
113,15,5,7,8,3,1
113,15,5,7,11,2,1
114,4,5,10,2,1,0
114,4,5,10,3,2,2
114,4,5,10,5,2,1
114,4,2,18,9,1,0
114,4,5,18,1,1,0
114,4,5,18,2,1,0
114,4,5,18,3,3,14
114,4,5,18,4,3,9
114,4,5,18,5,3,43
114,4,5,18,12,1,0
114,6,2,7,2,2,0
114,6,2,7,3,2,0
114,7,5,18,3,1,1
114,7,5,18,4,1,0
114,9,2,18,7,2,7
114,9,5,18,2,2,1
114,9,5,18,3,3,20
114,9,5,18,4,1,1
114,9,5,18,12,2,2
114,11,2,14,2,1,1
114,11,2,14,6,3,10
114,13,5,7,3,2,3
114,15,2,7,6,1,1
114,15,2,7,10,2,3
114,15,5,7,5,2,3
115,1,2,22,2,3,0
115,1,2,22,3,1,0
115,1,2,22,4,1,0
115,1,2,22,5,3,0
115,1,2,22,7,3,0
115,1,2,22,8,3,1
115,1,2,22,10,1,0
115,1,2,22,11,1,0
115,2,5,18,12,1,0
115,4,2,10,2,1,0
115,4,2,10,5,1,0
115,4,2,10,7,1,0
115,4,2,10,9,1,0
115,4,2,18,7,1,0
115,4,2,18,11,1,0
115,4,5,18,1,1,1
115,4,5,18,2,1,0
115,4,5,18,5,2,0
115,4,5,18,6,1,0
115,4,5,18,7,1,0
115,5,2,7,7,3,0
115,5,5,7,10,3,0
115,6,2,7,7,3,0
115,6,2,7,8,2,0
115,6,2,7,9,2,0
115,7,2,10,3,1,0
115,7,2,10,10,1,0
115,9,2,18,7,3,0
115,9,5,18,1,2,2
115,9,5,18,3,3,0
115,9,5,18,10,3,6
115,11,2,14,5,1,1
115,11,2,23,11,1,1
115,12,2,18,7,1,3
115,12,5,18,3,1,1
115,12,5,18,5,1,0
115,12,5,18,6,1,0
116,1,2,2,4,1,0
116,1,2,22,7,1,0
116,4,5,18,1,2,1
116,4,5,18,2,3,5
116,4,5,18,3,1,0
116,4,5,18,4,3,7
116,4,5,18,5,2,1
116,7,2,10,2,1,0
116,7,5,18,1,1,0
116,7,5,18,3,1,1
116,9,5,8,1,3,11
116,9,5,8,3,2,1
116,9,5,16,1,3,156
116,9,5,16,3,3,66
116,9,2,18,11,2,1
116,9,5,18,1,3,321
116,9,5,18,2,3,400
116,9,5,18,3,3,146
116,9,5,18,4,3,54
116,9,5,18,5,1,0
116,11,2,14,2,2,1
116,11,2,14,4,3,17
116,11,2,14,5,2,1
116,11,2,14,8,1,0
116,12,5,18,3,1,0
116,12,5,18,4,1,0
117,2,2,18,7,1,5
117,2,2,18,8,1,0
117,2,5,18,4,1,0
117,2,5,18,5,1,0
117,2,5,18,6,1,1
117,2,5,18,7,1,0
117,2,5,18,12,1,0
117,4,2,10,5,1,0
117,4,2,10,7,1,0
117,4,2,10,8,1,0
117,4,2,10,9,1,0
117,4,2,10,12,1,0
117,4,5,10,8,1,0
117,4,5,10,11,1,0
117,4,2,18,7,1,2
117,4,2,18,8,1,1
117,4,2,18,9,1,0
117,4,2,18,10,1,0
117,4,2,18,12,1,0
117,4,5,18,1,1,0
117,4,5,18,2,1,0
117,4,5,18,3,3,1
117,4,5,18,4,1,0
117,4,5,18,5,1,3
117,4,5,18,6,3,22
117,4,5,18,7,2,4
117,4,5,18,8,1,2
117,4,5,18,9,1,0
117,4,5,18,10,2,2
117,4,5,18,11,1,0
117,4,5,18,12,1,0
117,5,2,7,2,1,0
117,5,2,7,8,1,0
117,5,2,7,9,1,0
117,5,5,7,1,1,0
117,5,5,7,4,1,0
117,5,5,7,6,1,15
117,5,5,7,9,1,8
117,5,5,7,10,1,0
117,9,2,8,9,1,0
117,9,5,8,10,2,1
117,9,5,9,11,1,0
117,9,5,18,1,1,1
117,9,5,18,5,3,39
117,9,5,18,6,2,9
117,12,5,12,8,1,0
117,15,2,7,8,1,0
117,15,5,7,11,1,2
117,15,5,18,6,1,0
118,2,5,18,3,2,1
118,4,2,8,12,1,0
118,4,2,10,5,1,1
118,4,5,10,3,2,1
118,4,5,18,1,1,0
118,4,5,18,3,3,14
118,4,5,18,4,1,0
118,4,5,18,5,2,3
118,4,5,18,11,1,0
118,7,5,18,2,1,1
118,7,5,18,4,2,6
118,9,5,18,2,2,6
118,9,5,18,3,3,7
118,9,5,18,4,2,1
118,11,2,14,2,2,4
118,11,2,14,5,1,0
118,13,5,7,3,2,2
119,2,5,18,2,1,0
119,4,5,8,3,2,0
119,4,2,10,3,1,0
119,4,2,10,4,3,12
119,4,2,10,7,1,0
119,4,5,10,3,1,0
119,4,2,18,10,1,0
119,4,5,18,1,3,7
119,4,5,18,2,3,1014
119,4,5,18,3,3,65
119,4,5,18,4,3,23
119,4,5,18,5,3,2
119,4,5,18,6,1,0
119,4,5,18,7,2,1
119,4,5,18,8,1,0
119,4,5,18,10,1,4
119,4,5,18,12,2,3
119,7,5,18,1,2,1
119,7,5,18,2,1,3
119,7,5,18,4,3,0
119,7,5,18,5,1,0
119,7,5,18,6,1,0
119,7,5,18,10,1,1
119,7,5,18,12,1,0
119,9,5,8,1,3,60
119,9,5,8,3,3,11
119,9,5,8,5,3,57
119,9,2,18,9,1,0
119,9,5,18,1,3,102
119,9,5,18,2,3,29
119,9,5,18,3,3,1308
119,9,5,18,4,3,1091
119,9,5,18,5,3,1180
119,9,5,18,6,2,25
119,9,5,18,11,3,40
119,9,5,18,12,2,2
119,11,2,14,2,2,3
119,11,2,14,4,3,360
119,11,2,14,9,1,0
119,11,2,24,3,1,3
119,12,2,10,4,1,0
119,12,2,10,9,1,0
119,12,5,18,1,2,2
119,12,5,18,3,2,3
119,12,5,18,4,1,0
119,12,5,18,12,1,0
119,13,2,7,7,1,0
119,13,5,7,2,1,0
119,13,5,7,4,2,3
119,13,5,7,5,1,1
119,15,2,7,5,3,51
119,15,5,7,2,1,0
119,15,5,7,4,3,9
119,15,5,7,5,2,1
120,1,2,22,7,1,0
120,9,5,8,1,3,76
120,9,5,8,2,2,1
120,9,5,16,3,3,55
120,9,5,18,1,3,55
120,9,5,18,2,3,0
120,9,5,18,3,3,20
120,11,2,14,2,1,1
120,11,2,14,4,2,3
120,11,2,14,9,1,2
121,1,2,17,11,1,0
121,1,2,22,8,1,0
121,1,2,22,9,1,0
121,1,2,22,10,1,0
121,2,2,18,7,2,2
121,2,2,18,8,1,0
121,2,2,18,9,2,10
121,2,5,18,1,3,199
121,2,5,18,2,1,0
121,2,5,18,3,3,39
121,2,5,18,4,1,4
121,2,5,18,6,2,4
121,2,5,18,7,1,4
121,2,5,18,10,1,2
121,2,5,18,11,2,3
121,2,5,18,12,2,2
121,4,2,10,1,1,0
121,4,2,10,3,2,2
121,4,2,10,5,1,0
121,4,2,10,6,1,0
121,4,2,10,7,1,2
121,4,2,10,8,1,1
121,4,2,10,9,1,0
121,4,2,10,10,2,2
121,4,2,10,11,1,0
121,4,2,10,12,1,0
121,4,5,10,4,1,1
121,4,5,10,8,1,0
121,4,2,12,7,1,0
121,4,2,12,9,1,1
121,4,2,12,11,1,0
121,4,5,12,1,1,0
121,4,5,12,4,1,0
121,4,5,12,5,2,4
121,4,2,15,1,1,0
121,4,2,15,2,1,0
121,4,2,15,3,1,0
121,4,2,15,5,1,0
121,4,2,15,6,1,1
121,4,2,15,7,1,0
121,4,2,15,8,1,1
121,4,2,15,9,1,0
121,4,2,15,10,1,1
121,4,2,15,11,1,0
121,4,2,15,12,1,0
121,4,5,15,12,1,0
121,4,2,18,7,1,0
121,4,2,18,8,2,1
121,4,2,18,9,2,3
121,4,2,18,10,1,17
121,4,5,18,1,3,25
121,4,5,18,2,3,31
121,4,5,18,3,3,62
121,4,5,18,4,3,99
121,4,5,18,5,3,197
121,4,5,18,6,3,23
121,4,5,18,7,1,1
121,4,5,18,8,3,3
121,4,5,18,9,2,2
121,4,5,18,10,3,33
121,4,5,18,11,3,35
121,4,5,18,12,3,29
121,4,2,21,6,1,0
121,4,2,21,7,3,3
121,4,2,21,8,1,0
121,4,2,21,9,1,0
121,4,2,21,10,1,0
121,4,2,21,11,1,0
121,4,2,21,12,1,0
121,4,5,21,2,1,0
121,4,5,21,3,1,0
121,4,5,21,6,1,0
121,4,2,23,4,1,1
121,4,2,23,11,1,2
121,5,2,7,6,1,0
121,5,2,7,8,2,0
121,5,2,7,9,2,84
121,5,2,7,10,1,1
121,5,5,7,1,1,0
121,5,5,7,2,1,0
121,5,5,7,3,1,2
121,5,5,7,4,2,4
121,5,5,7,10,1,14
121,5,5,7,11,2,3
121,5,5,7,12,1,0
121,5,5,18,8,1,5
121,5,5,18,11,1,2
121,7,2,10,1,1,1
121,7,2,10,3,1,2
121,7,2,10,7,1,1
121,7,5,10,10,1,0
121,7,5,18,1,1,0
121,7,5,18,2,2,3
121,7,5,18,3,3,24
121,7,5,18,4,1,3
121,7,5,18,5,1,0
121,7,5,18,8,1,1
121,7,5,18,10,3,1
121,7,5,18,12,2,1
121,7,2,21,6,2,1
121,7,5,21,12,2,1
121,8,6,10,7,1,0
121,8,6,10,9,1,0
121,9,2,7,9,1,5
121,9,2,8,9,2,3
121,9,5,8,1,2,1
121,9,5,8,3,1,2
121,9,5,8,6,1,1
121,9,5,8,10,1,8
121,9,5,16,5,3,12
121,9,2,18,8,2,8
121,9,2,18,9,2,18
121,9,5,18,1,2,7
121,9,5,18,2,2,11
121,9,5,18,3,3,33
121,9,5,18,4,3,168
121,9,5,18,5,2,25
121,9,5,18,6,3,30
121,9,5,18,7,3,34
121,9,5,18,8,1,1
121,9,5,18,9,3,5
121,9,5,18,10,3,66
121,9,5,18,11,3,22
121,9,5,18,12,3,58
121,11,2,14,3,1,2
121,11,2,14,4,2,10
121,11,2,14,6,1,0
121,11,2,14,8,3,67
121,11,2,14,9,1,1
121,11,2,14,10,1,0
121,11,2,14,12,1,1
121,12,2,12,11,2,3
121,12,5,12,6,1,1
121,12,5,12,11,1,1
121,12,2,15,4,1,0
121,12,2,18,8,2,1
121,12,5,18,1,1,0
121,12,5,18,2,1,2
121,12,5,18,3,2,5
121,12,5,18,4,2,4
121,12,5,18,5,1,2
121,12,5,18,6,1,2
121,12,5,18,7,1,0
121,12,5,18,9,1,2
121,12,5,18,11,1,0
121,12,2,21,1,3,11
121,13,2,7,9,3,1
121,13,5,7,1,1,1
121,13,5,7,2,2,0
121,13,5,7,3,3,0
121,13,5,7,4,1,1
121,13,5,7,8,1,1
121,13,5,7,10,3,3
121,13,5,7,11,1,0
121,13,5,18,10,1,1
121,15,2,7,4,2,1
121,15,2,7,5,2,1
121,15,2,7,7,2,3
121,15,2,7,8,2,9
121,15,2,7,9,2,2
121,15,5,7,1,2,4
121,15,5,7,3,2,3
121,15,5,7,4,3,18
121,15,5,7,6,1,3
121,15,5,7,9,3,41
121,15,5,7,10,3,6
121,15,5,7,11,2,3
121,15,5,7,12,1,1
121,15,2,27,9,1,2
122,1,2,2,3,3,0
122,1,2,2,4,1,0
122,1,2,2,5,3,0
122,1,2,2,11,1,0
122,1,2,17,2,1,0
122,1,2,17,11,3,0
122,1,2,22,1,1,0
122,1,2,22,2,3,0
122,1,2,22,6,1,0
122,1,2,22,11,1,0
122,1,2,22,12,1,0
122,2,2,18,12,1,0
122,2,5,18,2,3,0
122,2,5,18,3,1,0
122,2,5,18,4,3,8
122,2,5,18,5,1,0
122,2,5,18,6,3,1
122,2,5,18,11,3,7
122,2,5,18,12,3,0
122,3,2,10,7,1,0
122,3,2,10,10,2,0
122,4,2,7,11,1,0
122,4,2,8,11,1,0
122,4,5,8,11,1,0
122,4,2,10,1,1,0
122,4,2,10,3,1,0
122,4,2,10,4,1,0
122,4,2,10,5,1,0
122,4,2,10,6,1,0
122,4,2,10,7,1,3
122,4,2,10,8,1,0
122,4,2,10,9,1,1
122,4,2,10,10,1,0
122,4,2,10,11,1,0
122,4,2,10,12,1,4
122,4,5,10,4,1,0
122,4,2,18,9,1,0
122,4,5,18,1,3,20
122,4,5,18,2,2,1
122,4,5,18,3,3,5
122,4,5,18,4,2,1
122,4,5,18,5,2,3
122,4,5,18,6,1,0
122,4,5,18,7,2,3
122,4,5,18,8,2,1
122,4,5,18,9,1,0
122,4,5,18,10,1,1
122,4,5,18,11,1,0
122,4,5,18,12,1,0
122,5,5,7,1,1,0
122,5,5,7,11,3,0
122,7,2,10,12,2,4
122,9,5,18,1,2,4
122,9,5,18,2,2,14
122,9,5,18,3,2,8
122,9,5,18,5,3,16
122,9,5,18,6,1,1
122,9,5,18,10,1,1
122,9,5,18,11,1,1
122,11,2,14,2,1,1
122,11,2,14,4,2,2
122,11,2,14,9,1,11
122,12,2,11,5,1,1
122,12,5,18,3,1,0
122,13,5,7,3,1,1
122,13,5,7,11,2,0
122,15,5,7,2,1,1
122,15,5,7,10,3,0
122,15,5,7,12,1,1
123,2,5,18,5,1,1
123,4,5,18,1,1,0
123,4,5,18,2,2,1
123,4,5,18,3,3,13
123,4,5,18,4,2,1
123,4,5,18,5,1,0
123,9,5,8,2,3,16
123,9,5,8,3,3,245
123,9,5,8,4,2,6
123,9,2,18,7,1,3
123,9,5,18,1,3,30
123,9,5,18,2,3,22
123,9,5,18,3,3,760
123,9,5,18,4,3,214
123,9,5,18,5,3,235
123,9,5,18,6,3,264
123,9,5,18,10,2,7
123,10,2,7,1,1,1
123,10,2,7,2,3,175
123,10,2,7,3,1,43
123,10,2,7,5,1,1
123,10,2,7,10,2,2
123,10,2,7,11,2,7
123,10,2,7,12,3,27
123,11,2,14,4,3,52
123,11,2,14,5,2,8
123,11,2,14,8,1,1
123,11,2,24,3,3,23
123,12,5,18,1,1,1
123,12,5,18,3,1,0
123,12,5,18,6,1,0
123,13,2,7,7,1,0
123,13,5,7,1,2,1
123,15,5,7,3,3,13
124,4,5,18,2,2,3
124,4,5,18,3,1,0
124,4,5,18,4,1,0
124,9,5,8,2,2,1
124,9,5,8,4,1,0
124,9,5,18,1,2,3
124,9,5,18,2,3,596
124,9,5,18,3,3,250
124,9,5,18,4,3,2676
124,9,5,18,5,2,0
124,9,5,18,9,1,5
124,9,5,18,11,1,2
124,11,2,14,6,3,1829
124,11,2,14,9,1,2
124,12,5,18,2,1,0
124,12,5,18,5,2,1
124,12,5,18,6,2,1
124,15,2,7,9,2,1
124,15,5,7,5,2,1
125,1,2,22,8,1,0
125,1,2,22,9,1,0
125,4,2,12,7,1,0
125,4,5,18,2,1,1
125,4,5,18,3,1,2
125,4,5,18,5,1,2
125,5,5,7,3,1,2
125,5,5,18,1,1,0
125,9,5,8,2,2,2
125,9,5,18,1,1,1
125,9,5,18,2,3,60
125,9,5,18,3,2,1
125,9,5,18,4,2,3
125,9,5,18,5,3,33
125,9,5,18,10,2,3
125,9,5,18,11,3,7
125,9,5,18,12,2,7
125,11,2,14,6,1,0
125,12,5,9,2,1,0
125,12,5,18,2,1,0
125,12,5,18,5,1,1
125,13,5,7,1,1,1
125,13,5,7,3,1,0
125,13,5,7,10,3,0
125,15,5,7,3,2,20
125,15,5,7,7,2,2
125,15,5,7,12,1,0
125,15,5,18,4,1,1
126,4,5,18,4,1,0
126,4,5,18,5,1,0
126,9,2,10,2,1,2
126,9,5,18,4,2,0
126,9,5,18,11,2,4
126,13,2,7,12,1,0
126,13,5,7,11,1,0
126,15,5,7,1,1,1
126,15,5,7,11,2,3
126,15,5,7,12,2,1
127,1,2,2,3,1,0
127,4,5,18,2,3,10
127,4,5,18,4,3,0
127,4,5,18,9,2,1
127,7,5,18,3,1,0
127,9,5,18,1,1,0
127,9,5,18,2,3,58
127,9,5,18,3,2,5
127,10,2,7,1,1,0
127,11,2,1,6,1,2
127,11,2,14,2,1,5
127,11,2,14,3,2,1
127,11,2,14,4,1,0
127,11,2,14,5,1,1
127,11,2,14,9,1,2
127,12,5,18,4,1,0
127,14,2,23,3,3,0
127,15,5,7,2,2,1
128,1,2,2,5,1,0
128,1,2,22,9,3,0
128,9,5,8,2,3,24
128,9,5,8,4,1,0
128,9,5,9,1,1,0
128,9,5,18,1,3,158
128,9,5,18,2,3,11
128,9,5,18,3,3,1302
128,9,5,18,4,3,259
128,9,5,18,5,1,6
128,11,2,1,7,1,5
128,11,2,14,5,1,0
128,12,5,9,1,3,50
128,12,5,18,1,1,2
128,12,5,18,2,3,16
128,12,5,18,3,1,0
128,15,2,7,2,2,2
128,15,2,7,4,2,2
128,15,2,7,7,2,1
128,15,2,7,8,1,1
128,15,2,7,10,2,2
128,15,5,7,2,3,18
128,15,5,7,3,2,1
128,15,5,7,4,3,4
128,15,5,7,6,1,1
128,15,5,7,10,2,1
128,15,5,18,4,2,1
128,15,2,27,7,2,2
129,1,2,2,3,3,0
129,1,2,2,4,1,0
129,1,2,2,5,1,0
129,1,2,17,8,1,0
129,1,2,22,9,3,0
129,9,5,8,2,2,2
129,9,5,18,2,3,35
129,9,5,18,3,3,32
129,9,5,18,4,3,3278
129,9,5,18,5,1,8
129,11,2,1,7,1,3
129,11,2,14,2,1,6
129,11,2,14,4,1,1
129,13,5,7,5,1,0
129,15,2,7,3,3,11
129,15,2,7,8,2,3
129,15,2,7,10,2,1
129,15,2,7,12,2,4
129,15,5,7,1,2,1
129,15,5,7,2,2,1
129,15,5,7,3,3,17
129,15,5,7,4,2,9
129,15,5,7,5,2,1
129,15,5,18,4,2,6
129,15,5,27,1,2,1
130,4,5,18,2,1,0
130,9,5,18,1,1,1
130,9,5,18,2,3,11
130,9,5,18,3,2,11
130,9,5,18,4,2,16
130,10,2,7,8,2,1
130,12,5,18,2,2,1
130,13,5,7,1,1,0
130,13,5,7,2,1,0
130,14,2,23,3,3,0
132,1,2,2,3,1,0
132,1,2,2,4,3,0
132,1,2,22,6,1,0
132,1,2,22,9,3,0
132,4,5,10,4,1,0
132,4,5,18,3,2,2
132,9,5,18,1,1,1
132,9,5,18,2,3,110
132,9,5,18,3,3,132
132,9,5,18,4,1,2
132,9,5,18,5,1,1
132,11,2,1,7,1,5
132,12,5,18,2,1,0
132,12,5,18,3,1,0
133,2,2,18,12,1,0
133,2,5,18,5,1,0
133,4,2,18,7,1,0
133,4,2,18,9,1,0
133,4,5,18,2,1,0
133,4,5,18,3,1,0
133,4,5,18,4,1,56
133,4,5,18,5,1,0
133,4,5,18,6,1,0
133,4,5,18,10,1,0
133,4,5,18,11,1,0
133,7,5,18,2,1,0
133,7,5,18,5,1,1
133,7,5,18,10,1,0
133,9,5,18,12,3,10
133,11,2,14,3,1,1
133,15,2,7,9,2,1
134,2,5,9,5,1,1
134,4,5,10,12,1,0
134,4,2,18,9,2,3
134,4,2,18,10,1,0
134,4,5,18,1,2,5
134,4,5,18,2,1,0
134,4,5,18,3,1,0
134,4,5,18,4,1,0
134,4,5,18,5,1,0
134,4,5,18,6,1,0
134,4,5,18,7,1,0
134,4,5,18,10,1,0
134,4,5,18,11,1,0
134,4,5,18,12,2,1
134,7,5,18,3,1,0
134,9,2,8,8,2,0
134,9,5,8,5,3,10
134,9,2,18,7,3,12
134,9,5,18,1,3,115
134,9,5,18,2,1,1
134,9,5,18,3,3,159
134,9,5,18,4,3,198
134,9,5,18,5,3,49
134,9,5,18,6,2,6
134,9,5,18,12,2,1
134,10,2,7,9,1,1
134,11,2,14,4,2,10
134,11,2,14,5,2,12
134,11,2,24,3,1,2
134,12,2,18,8,1,0
134,12,5,18,2,2,0
134,12,5,18,3,1,0
134,15,5,7,6,3,17
135,1,2,2,3,1,0
135,1,2,2,4,3,0
135,1,2,2,5,1,0
135,1,2,17,2,1,0
135,1,2,17,11,1,0
135,1,2,22,5,1,0
135,1,2,22,7,1,0
135,1,2,22,9,3,0
135,2,5,18,3,1,1
135,2,5,18,4,2,8
135,4,5,10,4,1,0
135,4,5,10,5,1,0
135,4,5,18,1,2,3
135,4,5,18,2,3,4
135,4,5,18,3,3,20
135,4,5,18,4,3,7
135,4,5,18,5,2,2
135,4,5,18,12,1,0
135,7,5,14,6,1,0
135,7,5,18,3,1,1
135,7,5,18,5,1,0
135,9,5,18,3,1,0
135,9,5,18,4,3,12
135,9,5,18,10,1,0
135,11,2,14,4,3,80
135,11,2,14,5,2,2
135,13,5,7,4,1,0
136,4,5,10,4,1,0
136,4,2,15,8,1,0
136,4,5,18,1,1,1
136,4,5,18,2,1,0
136,4,5,18,3,1,0
136,4,5,18,4,1,0
136,4,5,18,5,3,8
136,4,5,18,6,1,0
136,4,5,18,10,1,0
136,4,5,18,11,1,1
136,7,5,18,3,1,0
136,9,5,8,3,3,14
136,9,5,8,5,2,3
136,9,5,18,2,3,5
136,9,5,18,4,2,1
136,9,5,18,5,1,0
136,11,2,14,4,3,108
136,15,5,7,3,1,0
136,15,5,7,4,1,2
137,4,2,10,2,1,0
137,4,2,10,7,1,0
137,4,2,10,9,1,0
137,4,2,10,10,1,0
137,4,5,10,1,1,0
137,4,5,18,1,2,3
137,4,5,18,2,3,6
137,4,5,18,3,1,0
137,4,5,18,5,3,1
137,4,5,18,10,1,0
137,4,5,18,11,1,0
137,4,5,18,12,3,15
137,9,5,8,4,3,5
137,9,2,18,8,1,0
137,9,5,18,1,2,2
137,9,5,18,4,2,10
137,9,5,18,10,2,5
137,11,2,14,5,1,2
137,11,2,14,9,1,0
137,12,5,18,10,2,3
137,12,5,18,12,1,1
137,13,5,7,4,2,3
137,13,5,7,5,1,2
138,2,5,18,4,1,1
138,4,5,18,4,3,1
138,4,5,18,12,1,0
138,9,5,18,4,1,2
138,11,2,1,7,3,40
138,15,5,7,3,1,1
139,1,2,22,2,3,0
139,1,2,22,4,3,131
139,1,2,22,5,3,0
139,1,2,22,7,1,0
139,1,2,22,8,3,0
139,1,2,22,10,1,0
139,1,2,22,11,3,0
139,1,2,22,12,2,0
139,2,2,8,12,2,1
139,2,2,18,7,2,2
139,2,5,18,5,3,4
139,2,5,18,6,3,2
139,2,5,18,10,1,0
139,2,5,18,12,1,1
139,4,2,10,1,1,0
139,4,2,10,2,1,0
139,4,2,10,3,1,0
139,4,2,10,4,1,0
139,4,2,10,5,1,0
139,4,2,10,6,1,0
139,4,2,10,7,1,0
139,4,2,10,8,1,0
139,4,2,10,9,1,0
139,4,2,10,10,1,0
139,4,2,10,11,1,0
139,4,2,10,12,1,0
139,4,5,10,12,1,0
139,4,2,12,1,1,0
139,4,2,18,7,1,0
139,4,2,18,8,2,1
139,4,5,18,1,1,0
139,4,5,18,2,1,0
139,4,5,18,4,1,1
139,4,5,18,5,3,5
139,4,5,18,6,2,0
139,4,5,18,7,2,2
139,4,5,18,8,1,0
139,4,5,18,9,1,0
139,4,5,18,10,1,0
139,4,5,18,11,1,0
139,4,5,18,12,1,0
139,6,2,7,8,3,0
139,6,2,7,9,1,0
139,7,2,10,10,1,0
139,7,5,18,11,1,0
139,9,2,18,7,1,1
139,9,5,18,2,3,12
139,9,5,18,7,2,0
139,9,5,18,9,1,1
139,9,5,18,10,2,1
139,9,5,18,12,1,0
139,11,2,14,4,1,0
139,11,2,14,9,1,1
139,12,5,18,1,1,0
139,12,5,18,6,1,2
139,12,5,18,10,1,0
139,12,5,18,11,1,0
140,4,2,10,7,1,0
140,4,5,18,1,1,0
140,4,5,18,3,1,0
140,9,2,8,10,3,156
140,9,5,18,1,3,65
140,9,5,18,2,3,677
140,9,5,18,3,3,211
140,9,5,18,5,3,30
140,10,2,7,4,1,15
140,11,2,1,7,1,1
140,11,2,14,4,3,810
140,11,2,14,12,1,7
140,13,5,7,4,1,0
140,14,2,23,3,3,0
141,4,5,18,1,1,0
141,4,5,18,2,3,0
141,4,5,18,3,3,2
141,4,5,18,4,1,0
141,4,5,18,5,1,0
141,7,5,18,3,1,0
141,9,5,8,3,3,35
141,9,5,8,4,3,1500
141,9,5,18,1,1,0
141,9,5,18,2,3,477
141,9,5,18,3,3,341
141,9,5,18,4,3,1648
141,9,5,18,5,3,10
141,9,5,18,12,2,1
141,11,2,14,4,3,290
141,11,2,14,6,3,20
141,11,2,14,12,1,21
141,12,5,18,4,1,1
141,15,2,7,2,2,3
141,15,2,7,3,2,6
142,4,2,10,1,1,0
142,4,2,10,6,1,0
142,4,2,10,7,1,0
142,4,2,10,8,1,0
142,4,2,10,11,1,0
142,4,5,10,8,1,2
142,4,2,18,7,1,0
142,4,2,18,11,1,0
142,4,5,18,1,1,1
142,4,5,18,2,1,0
142,4,5,18,3,3,0
142,4,5,18,4,1,0
142,4,5,18,5,1,0
142,4,5,18,6,1,0
142,4,5,18,8,1,0
142,4,5,18,9,1,0
142,4,5,18,10,1,0
142,4,5,18,11,1,0
142,4,5,18,12,1,0
142,9,5,18,1,2,2
142,9,5,18,3,3,0
142,9,5,18,11,1,20
142,15,2,7,8,1,1
142,15,2,7,9,1,0
142,15,5,7,12,1,1
142,15,5,18,8,2,1
143,9,5,18,1,3,16
143,9,5,18,2,1,2
143,9,5,18,4,1,3
143,13,5,7,1,1,0
143,13,5,7,3,1,0
144,1,2,2,3,1,0
144,4,2,10,10,1,0
144,4,2,10,11,1,0
144,4,5,10,2,1,0
144,4,5,18,1,1,0
144,4,5,18,2,3,41
144,4,5,18,3,1,0
144,4,5,18,4,3,0
144,4,2,23,8,1,0
144,7,5,18,2,1,0
144,7,5,18,4,1,1
144,9,5,18,1,2,9
144,9,5,18,2,3,857
144,9,5,18,3,3,214
144,9,5,18,4,3,84
144,9,5,18,5,2,1
144,10,2,7,1,1,1
144,10,2,7,2,1,0
144,10,2,7,3,2,0
144,10,2,7,7,2,0
144,10,2,7,8,3,4
144,11,2,1,6,1,2
144,11,2,1,7,1,10
144,11,2,14,2,1,1
144,11,2,14,3,3,91
144,11,2,14,4,3,141
144,11,2,14,8,3,0
144,11,2,14,9,1,0
144,11,2,14,11,2,3
144,12,5,18,2,3,0
144,12,5,18,3,1,1
144,12,5,18,4,1,0
144,13,5,7,4,1,0
144,15,5,7,1,2,4
144,15,5,7,2,2,5
144,15,5,7,3,3,11
144,15,5,7,4,2,5
144,15,5,7,6,2,2
144,15,5,7,9,1,2
145,2,5,18,4,3,30
145,4,2,10,2,1,0
145,4,2,10,3,1,0
145,4,2,10,5,2,1
145,4,2,12,3,2,1
145,4,2,18,11,2,8
145,4,5,18,1,1,0
145,4,5,18,2,2,7
145,4,5,18,3,2,3
145,4,5,18,4,2,1
145,4,5,18,5,1,1
145,4,5,18,6,3,61
145,7,5,18,3,1,1
145,7,5,18,5,2,4
145,9,5,18,1,2,1
145,9,5,18,3,2,4
145,9,5,18,4,1,1
145,12,5,18,3,1,1
146,1,2,2,4,1,0
146,1,2,22,9,1,0
146,9,5,8,3,3,13
146,9,5,18,1,3,27
146,9,5,18,3,3,491
146,9,5,18,4,3,3
146,12,5,18,3,1,0
146,13,5,7,3,2,0
146,15,2,7,3,2,15
146,15,5,7,4,2,1
146,15,5,7,12,2,4
146,15,5,18,3,2,8
146,15,2,27,11,1,1
147,4,5,18,1,2,3
147,4,5,18,2,1,0
147,4,5,18,3,1,0
147,4,5,18,4,1,0
147,4,5,18,5,1,0
147,7,5,18,3,1,0
147,8,6,10,1,1,0
147,8,6,10,6,1,0
147,8,6,10,7,1,0
147,8,6,10,8,1,0
147,8,6,10,9,1,0
147,8,6,10,11,1,0
147,8,6,10,12,1,0
147,9,5,8,4,3,22
147,9,5,8,5,2,4
147,9,5,18,1,3,24
147,9,5,18,2,3,70
147,9,5,18,3,3,461
147,9,5,18,4,3,15
147,9,5,18,5,3,9
147,9,5,18,8,3,8
147,10,2,7,1,1,2
147,10,2,7,3,1,10
147,10,2,7,4,2,4
147,10,2,7,7,1,3
147,10,2,7,9,1,4
147,10,2,7,10,2,8
147,10,2,7,11,2,1
147,10,2,7,12,3,33
147,10,2,19,1,1,2
147,11,2,14,5,1,1
147,11,2,14,11,1,1
147,12,5,18,1,1,0
147,12,5,18,5,1,0
147,12,2,19,6,1,1
147,12,2,19,11,1,1
147,15,2,7,11,2,1
147,15,5,7,2,2,1
147,15,5,7,4,2,1
147,15,5,7,12,1,1
148,2,2,18,7,2,5
148,4,2,10,6,1,0
148,4,2,10,12,1,0
148,4,5,10,7,2,0
148,4,2,18,7,1,0
148,4,2,18,8,1,0
148,4,2,18,9,1,0
148,4,2,18,10,1,0
148,4,2,18,11,1,0
148,4,2,18,12,1,0
148,4,5,18,1,1,0
148,4,5,18,2,3,0
148,4,5,18,3,1,1
148,4,5,18,4,1,0
148,4,5,18,5,1,0
148,4,5,18,6,1,1
148,4,5,18,7,1,0
148,4,5,18,8,1,0
148,4,5,18,9,1,0
148,4,5,18,10,1,2
148,4,5,18,11,1,0
148,4,5,18,12,1,1
148,4,2,23,2,1,0
148,9,5,18,1,2,11
148,9,5,18,5,1,0
148,9,5,18,11,2,4
148,11,2,14,2,2,2
148,11,2,14,9,1,0
148,12,2,18,8,1,0
148,12,2,18,12,1,0
148,12,5,18,1,2,0
148,12,5,18,5,1,0
148,12,5,18,12,1,0
148,13,5,7,10,1,0
148,15,2,7,10,2,2
148,15,5,7,12,3,6
149,2,2,18,7,1,0
149,2,2,18,8,1,0
149,2,2,18,10,1,0
149,2,5,18,1,1,1
149,2,5,18,4,3,1
149,2,5,18,6,1,0
149,2,5,18,7,1,0
149,2,5,18,10,1,0
149,2,5,18,11,1,0
149,4,5,8,3,1,0
149,4,2,10,1,1,0
149,4,2,10,2,1,0
149,4,2,10,3,1,0
149,4,2,10,5,1,0
149,4,2,10,6,1,0
149,4,2,10,7,1,0
149,4,2,10,8,1,0
149,4,2,10,9,1,0
149,4,2,10,10,1,0
149,4,2,15,11,1,0
149,4,5,18,1,1,0
149,4,5,18,2,2,0
149,4,5,18,3,1,0
149,4,5,18,4,1,2
149,4,5,18,5,1,0
149,4,5,18,6,1,0
149,4,5,18,8,1,0
149,4,5,18,9,1,0
149,4,5,18,10,1,0
149,4,5,18,11,1,0
149,4,5,18,12,1,0
149,5,2,7,9,3,0
149,5,2,7,11,1,0
149,6,2,7,7,2,0
149,6,2,7,8,3,0
149,6,2,7,9,2,0
149,6,5,7,1,3,0
149,7,5,18,4,1,0
149,7,5,18,10,1,0
149,9,5,7,11,2,1
149,9,5,18,4,1,0
149,9,5,18,6,3,0
149,9,5,18,7,1,0
149,11,2,14,4,1,0
149,11,2,14,9,1,0
149,12,2,18,7,1,1
149,12,5,18,2,1,0
149,12,5,18,7,1,0
149,12,5,18,10,1,0
149,13,2,7,10,1,0
149,15,2,7,8,1,0
149,15,2,7,10,1,1
149,15,5,7,1,1,0
149,15,5,7,2,2,3
150,2,5,18,2,3,13
150,2,5,18,3,1,0
150,2,5,18,4,1,1
150,4,2,10,3,1,1
150,4,5,10,2,1,0
150,4,5,10,5,1,0
150,4,5,10,7,1,0
150,4,2,18,7,2,1
150,4,5,18,1,3,17
150,4,5,18,2,3,28
150,4,5,18,3,3,57
150,4,5,18,4,3,13
150,4,5,18,5,3,8
150,4,5,18,6,1,0
150,4,5,18,10,2,2
150,4,5,18,11,2,1
150,4,5,18,12,2,2
150,7,2,10,1,2,1
150,7,2,10,2,1,1
150,7,2,10,4,2,1
150,7,2,10,12,1,0
150,7,5,10,7,1,0
150,7,5,18,1,1,0
150,7,5,18,2,1,2
150,7,5,18,3,1,1
150,7,5,18,4,1,0
150,7,5,18,10,1,0
150,9,5,8,2,1,0
150,9,5,8,3,1,0
150,9,5,8,4,3,41
150,9,5,8,5,2,5
150,9,5,8,12,2,1
150,9,5,18,1,3,38
150,9,5,18,2,3,54
150,9,5,18,3,3,233
150,9,5,18,4,3,134
150,9,5,18,5,3,71
150,9,5,18,6,2,2
150,9,5,18,12,2,7
150,11,2,14,1,2,1
150,11,2,14,4,1,329
150,12,5,8,3,1,0
150,12,5,18,1,3,4
150,12,5,18,2,1,1
150,12,5,18,3,1,1
150,12,5,18,4,2,0
150,12,5,18,5,2,1
150,12,5,18,7,1,0
150,12,5,18,12,1,1
150,12,2,21,1,1,0
150,13,5,7,3,1,0
150,13,5,7,10,1,0
150,15,2,7,3,2,4
150,15,2,7,4,2,1
150,15,2,7,7,2,1
150,15,5,7,1,2,3
150,15,5,7,2,1,1
150,15,5,7,3,2,17
150,15,5,7,4,2,6
150,15,5,7,5,3,17
150,15,5,7,10,2,3
151,1,2,22,8,2,0
151,2,5,18,1,2,1
151,2,5,18,3,1,1
151,2,5,18,12,2,3
151,4,2,10,7,1,0
151,4,5,18,3,1,0
151,4,5,18,5,2,0
151,7,5,18,3,1,0
151,9,5,18,1,2,2
151,9,5,18,3,3,9
151,9,5,18,4,2,1
151,9,5,18,5,2,1
151,9,5,18,10,2,3
151,9,5,18,11,2,3
151,9,5,18,12,2,1
151,11,2,14,9,1,1
152,1,2,22,2,1,0
152,4,5,14,1,3,14
152,4,2,18,7,1,0
152,4,2,18,8,1,0
152,4,5,18,1,2,7
152,4,5,18,2,3,7
152,4,5,18,3,2,7
152,4,5,18,4,2,7
152,4,5,18,5,3,17
152,4,5,18,6,2,4
152,4,5,18,9,2,1
152,4,5,18,10,1,0
152,4,5,18,11,1,0
152,4,5,18,12,1,0
152,7,5,18,3,1,2
152,9,5,18,1,2,3
152,9,5,18,2,1,0
152,9,5,18,3,2,9
152,9,5,18,11,2,1
152,11,2,14,3,1,0
152,11,2,14,5,1,1
152,11,2,23,11,1,1
152,12,5,18,4,1,0
152,12,5,18,12,1,0
152,13,5,7,3,3,0
152,15,5,7,7,1,1
153,1,2,22,2,1,0
153,2,5,18,6,2,2
153,2,5,18,10,1,1
153,4,2,10,7,1,0
153,4,2,10,8,1,0
153,4,2,10,11,1,0
153,4,5,12,10,1,0
153,4,2,18,7,1,0
153,4,2,18,8,1,0
153,4,2,18,9,1,0
153,4,2,18,10,1,0
153,4,5,18,2,1,0
153,4,5,18,3,2,15
153,4,5,18,4,1,0
153,4,5,18,5,1,0
153,4,5,18,6,2,6
153,4,5,18,7,1,0
153,4,5,18,8,1,0
153,4,5,18,9,1,0
153,4,5,18,11,1,0
153,9,5,18,8,1,2
153,12,2,12,8,1,0
154,7,5,18,10,2,1
154,9,2,18,7,3,5
154,9,2,18,9,2,1
154,9,5,18,4,3,4
154,9,5,18,5,2,6
154,9,5,18,6,3,252
154,9,5,18,8,1,0
154,9,5,18,11,2,5
154,9,5,18,12,1,2
154,12,5,18,7,1,0
154,15,2,7,1,2,1
154,15,2,7,8,2,3
154,15,2,7,9,2,1
154,15,2,7,10,2,1
154,15,2,7,11,1,1
154,15,5,7,2,1,0
154,15,5,7,4,2,4
154,15,5,7,10,1,13
154,15,5,7,11,3,9
154,15,5,7,12,1,1
155,1,2,22,8,3,0
155,2,5,18,1,2,3
155,2,5,18,4,3,9
155,4,2,10,2,1,0
155,4,2,10,3,1,1
155,4,2,10,4,2,1
155,4,2,10,5,1,0
155,4,2,10,6,1,0
155,4,2,10,7,1,0
155,4,2,10,12,1,0
155,4,5,10,3,1,0
155,4,5,18,1,2,1
155,4,5,18,2,2,4
155,4,5,18,3,3,3
155,4,5,18,4,3,1
155,4,5,18,5,2,3
155,4,5,18,12,1,0
155,4,2,21,12,2,1
155,7,2,10,3,1,0
155,7,5,18,1,1,0
155,7,5,18,3,1,0
155,7,5,18,4,1,20
155,9,5,18,4,3,8
155,11,2,14,4,3,48
155,11,2,14,6,1,0
155,11,2,14,9,1,1
155,12,2,10,5,1,0
155,12,5,18,1,2,0
155,12,5,18,2,1,1
155,12,5,18,3,2,4
155,12,5,18,4,1,1
155,15,2,7,8,2,2
155,15,5,7,6,2,2
156,1,2,22,2,1,0
156,4,2,10,4,1,0
156,4,2,10,8,3,0
156,4,5,10,8,2,0
156,4,2,18,8,1,0
156,4,5,18,3,2,2
156,4,5,18,4,1,1
156,4,5,18,5,2,1
156,4,5,18,6,2,7
156,4,5,18,7,2,3
156,4,5,18,11,1,0
156,4,5,18,12,1,0
156,4,2,23,5,1,0
156,6,2,7,7,1,0
156,9,5,18,4,1,0
156,9,5,18,7,1,1
156,11,2,14,2,2,10
156,11,2,14,5,2,2
156,11,2,14,9,1,1
157,1,2,2,3,3,0
157,1,2,2,4,3,0
157,1,2,17,11,1,0
157,1,2,22,6,1,0
157,1,2,22,9,3,0
157,4,5,10,6,1,0
157,9,5,9,3,3,14
157,9,5,18,1,1,0
157,9,5,18,2,1,0
157,9,5,18,3,3,42
157,9,5,18,5,2,12
157,11,2,1,7,1,4
157,12,5,18,2,2,1
157,15,5,18,3,2,1
158,4,2,10,11,1,0
158,4,5,18,1,1,0
158,4,5,18,2,2,1
158,4,5,18,3,3,123
158,4,5,18,4,2,6
158,4,5,18,5,2,1
158,4,5,18,12,1,0
158,7,5,18,3,1,1
158,7,5,18,5,2,2
158,9,5,18,2,1,0
158,9,5,18,3,3,53
158,9,5,18,4,2,3
158,11,2,23,11,1,1
158,12,5,18,3,1,1
158,13,5,7,3,3,4
159,4,5,10,12,1,0
159,4,5,18,2,2,4
159,4,5,18,3,2,1
159,4,5,18,4,2,1
159,4,5,18,5,1,0
159,4,5,18,8,1,0
159,4,2,23,1,3,16
159,9,2,8,3,2,7
159,9,5,8,4,3,130
159,9,5,18,1,1,20
159,9,5,18,2,3,564
159,9,5,18,3,3,102
159,9,5,18,4,1,0
159,9,5,18,5,1,0
159,10,2,7,2,1,0
159,10,2,7,4,1,0
159,10,2,7,6,1,1
159,11,2,1,7,1,8
159,11,2,14,4,3,2432
159,11,2,14,12,1,8
159,12,5,18,3,1,0
159,15,2,7,11,1,1
160,2,2,18,7,1,0
160,2,5,18,7,1,0
160,4,2,10,6,1,1
160,4,5,10,3,1,0
160,4,5,10,6,1,0
160,4,2,18,6,1,0
160,4,2,18,7,1,0
160,4,2,18,8,1,0
160,4,2,18,9,1,1
160,4,5,18,1,1,0
160,4,5,18,2,1,0
160,4,5,18,3,1,0
160,4,5,18,4,1,0
160,4,5,18,5,1,0
160,4,5,18,6,3,6
160,4,5,18,7,3,5
160,4,5,18,8,3,0
160,4,5,18,10,1,0
160,4,5,18,11,1,1
160,4,5,18,12,1,0
160,7,2,18,11,1,0
160,7,5,18,2,1,0
160,7,5,18,4,1,0
160,7,5,18,7,1,0
160,9,5,18,6,1,0
160,9,5,18,7,2,2
160,12,2,18,7,1,1
160,12,5,18,1,1,0
160,12,5,18,5,1,0
160,12,5,18,6,1,1
160,15,5,7,8,1,0
161,1,2,17,1,1,0
161,2,5,18,12,1,0
161,4,5,10,10,1,0
161,4,2,18,8,1,0
161,4,5,18,3,1,0
161,4,5,18,4,1,0
161,4,5,18,6,1,0
161,4,5,18,12,1,0
161,4,2,21,10,1,0
161,9,5,8,6,2,0
161,9,5,18,1,2,1
161,9,5,18,5,1,0
161,9,5,18,10,1,1
161,9,5,18,12,3,17
161,11,2,14,2,1,2
161,11,2,14,5,1,1
161,12,2,8,8,1,2
161,12,5,18,4,1,0
161,12,5,18,5,1,0
161,15,2,7,10,2,0
161,15,5,7,3,1,2
161,15,5,7,8,1,1
161,15,5,7,9,1,0
161,15,5,7,12,3,11
162,4,5,18,2,1,0
162,4,5,18,3,2,3
162,7,5,18,5,1,1
162,9,5,18,3,2,5
163,4,2,18,10,1,0
163,4,5,18,1,1,0
163,4,5,18,3,1,0
163,4,5,18,4,1,0
163,4,5,18,5,1,0
163,4,5,18,10,1,0
163,4,5,18,11,1,0
163,4,5,18,12,1,0
163,9,5,18,2,1,0
163,9,5,18,3,1,0
163,9,5,18,4,3,52
163,11,2,14,2,1,2
163,11,2,14,9,1,0
163,12,5,18,1,1,0
163,12,5,18,4,1,0
163,12,5,18,5,1,0
163,12,5,18,11,1,0
163,12,5,18,12,1,0
163,15,2,7,9,3,53
163,15,5,7,2,3,40
163,15,5,7,3,1,2
164,2,2,18,9,1,0
164,4,2,10,7,1,0
164,4,2,10,8,1,0
164,4,2,18,7,1,0
164,4,2,18,8,1,0
164,4,5,18,3,2,1
164,4,5,18,4,3,6
164,4,5,18,5,3,6
164,4,5,18,6,3,7
164,4,5,18,7,3,1
164,4,5,18,8,2,0
164,4,5,18,9,1,0
164,4,5,18,10,2,2
164,4,5,18,11,1,0
164,4,5,18,12,2,2
164,7,5,18,1,1,0
164,7,5,18,5,1,1
164,9,2,8,7,3,4
164,9,2,8,9,2,1
164,9,5,8,1,2,1
164,9,5,8,2,3,18
164,9,5,8,4,3,6
164,9,5,8,5,3,0
164,9,5,8,6,3,0
164,9,5,8,9,3,0
164,9,5,9,5,1,0
164,9,5,9,7,3,0
164,9,5,16,5,1,0
164,9,2,18,7,1,2
164,9,2,18,9,3,364
164,9,5,18,1,3,81
164,9,5,18,2,1,5
164,9,5,18,3,3,82
164,9,5,18,4,3,414
164,9,5,18,5,2,4
164,9,5,18,6,3,3
164,9,5,18,7,3,12
164,9,5,18,9,3,458
164,9,5,18,10,3,49
164,9,5,18,11,3,25
164,9,5,18,12,3,21
164,11,2,14,5,1,0
164,11,2,14,7,1,0
164,11,2,14,8,1,0
164,11,2,14,9,1,0
164,11,2,23,12,1,0
164,12,2,10,8,1,2
164,12,2,18,9,1,1
164,12,5,18,4,1,2
164,12,5,18,5,1,2
164,12,5,18,6,1,0
164,12,5,18,7,2,1
164,12,5,18,8,1,1
164,12,5,18,9,1,0
164,12,5,18,11,1,2
164,13,2,7,8,2,0
164,15,2,7,8,3,55
164,15,2,7,9,3,12
164,15,2,7,10,3,28
164,15,5,7,1,2,8
164,15,5,7,2,2,6
164,15,5,7,3,3,18
164,15,5,7,4,2,2
164,15,5,7,6,1,1
164,15,5,7,7,3,27
164,15,5,7,8,2,2
164,15,5,7,9,3,8
164,15,5,7,10,3,26
164,15,5,7,11,3,5
164,15,5,7,12,2,4
164,15,5,18,5,1,0
164,15,2,26,9,2,2
164,15,5,27,3,1,1
164,15,5,27,8,1,0
165,1,2,22,2,2,0
165,1,2,22,4,2,0
165,1,2,22,5,3,0
165,1,2,22,7,1,0
165,1,2,22,8,3,0
165,1,2,22,11,1,0
165,2,5,18,1,3,27
165,4,2,10,4,1,0
165,4,2,10,6,1,1
165,4,5,18,1,1,0
165,4,5,18,2,1,0
165,4,5,18,3,1,1
165,4,5,18,9,1,0
165,5,5,7,4,3,0
165,6,2,7,8,3,0
165,6,5,7,1,3,0
165,7,5,18,6,1,1
165,9,2,18,7,1,1
165,9,5,18,1,2,1
165,9,5,18,2,2,12
165,9,5,18,3,3,9
165,9,5,18,4,1,1
165,9,5,18,5,1,1
165,11,2,14,7,1,0
165,15,2,7,8,2,1
166,2,2,18,11,1,0
166,4,2,18,11,1,0
166,4,5,18,1,1,0
166,4,5,18,2,1,0
166,4,5,18,3,1,0
166,4,5,18,4,1,0
166,4,5,18,5,2,3
166,4,5,18,6,1,0
166,4,5,18,7,1,0
166,4,5,18,8,1,0
166,4,5,18,10,1,0
166,4,5,18,11,1,0
166,4,5,18,12,1,0
166,7,5,18,12,1,0
166,9,5,8,2,3,7
166,9,5,8,4,3,42
166,9,5,8,5,3,187
166,9,5,8,7,3,0
166,9,5,10,7,3,50
166,9,2,18,11,3,10
166,9,5,18,1,2,1
166,9,5,18,3,2,1
166,9,5,18,4,3,36
166,9,5,18,5,3,53
166,9,5,18,7,3,40
166,11,2,14,2,1,3
166,12,2,18,8,1,0
166,12,5,18,4,1,2
166,12,5,18,5,1,0
166,13,5,7,9,2,3
166,15,2,7,8,3,24
166,15,2,7,10,1,3
166,15,2,7,11,2,1
166,15,5,7,2,1,1
166,15,5,7,8,2,4
167,1,2,22,7,1,0
167,4,5,18,2,1,0
167,4,5,18,3,1,0
167,4,5,18,4,3,0
167,4,5,18,5,1,0
167,7,2,10,4,1,0
167,7,5,18,3,3,23
167,9,5,18,1,3,15
167,9,5,18,2,3,660
167,9,5,18,3,3,470
167,9,5,18,4,1,0
167,9,5,18,5,1,0
167,11,2,14,4,3,1019
167,11,2,14,8,1,0
167,12,5,18,2,1,0
167,13,5,7,5,3,0
167,15,2,7,8,1,1
167,15,5,7,1,1,1
168,4,2,10,11,1,1
168,4,5,10,1,2,1
168,4,5,10,2,3,9
168,4,5,10,4,2,3
168,4,5,10,10,1,0
168,4,2,18,7,1,0
168,4,2,18,9,1,1
168,4,2,18,10,1,0
168,4,5,18,1,1,1
168,4,5,18,2,1,0
168,4,5,18,3,3,0
168,4,5,18,4,3,7
168,4,5,18,5,2,3
168,4,5,18,6,1,0
168,4,5,18,10,2,1
168,4,5,18,11,2,3
168,4,5,18,12,3,1
168,5,5,7,4,2,2
168,5,5,7,10,3,0
168,6,2,6,8,1,0
168,9,5,8,5,2,2
168,9,2,18,11,2,1
168,9,5,18,1,2,5
168,9,5,18,2,1,0
168,9,5,18,3,3,16
168,9,5,18,4,1,0
168,9,5,18,5,3,34
168,9,5,18,10,2,6
168,9,5,18,11,3,7
168,9,5,18,12,3,13
168,11,2,1,7,3,151
168,11,2,14,2,3,39
168,11,2,14,10,1,2
168,11,2,22,12,1,0
168,12,5,18,6,1,0
168,13,5,7,12,2,1
168,15,5,27,3,3,10
169,1,2,2,4,1,0
169,1,2,2,5,1,0
169,1,2,17,11,1,0
169,1,2,22,5,1,0
169,4,5,18,3,3,5
169,9,5,8,1,2,4
169,9,5,8,2,3,51
169,9,5,8,3,3,296
169,9,5,16,1,2,0
169,9,5,16,2,3,0
169,9,5,16,3,3,86
169,9,5,16,4,3,32
169,9,5,18,1,3,172
169,9,5,18,2,3,377
169,9,5,18,3,3,795
169,9,5,18,4,3,178
169,9,5,18,5,1,0
169,11,2,14,4,3,11
169,12,5,18,4,1,0
169,15,2,7,6,2,1
169,15,5,7,1,1,1
169,15,5,7,2,2,1
170,1,2,22,7,1,0
170,9,5,8,3,1,0
170,9,5,8,4,3,0
170,9,5,8,5,2,9
170,9,5,16,3,3,17
170,9,5,16,4,2,1
170,9,5,16,5,3,150
170,9,5,18,1,3,6
170,9,5,18,2,3,17
170,9,5,18,3,3,126
170,9,5,18,5,3,9
170,11,2,14,2,1,0
170,11,2,14,4,3,40
170,12,5,8,1,1,1
170,15,2,7,3,2,1
170,15,5,7,2,3,10
170,15,5,7,3,2,1
171,1,2,2,4,1,0
171,1,2,2,5,1,0
171,1,2,17,2,1,0
171,1,2,17,11,1,0
171,1,2,22,9,2,0
171,4,5,18,2,1,0
171,4,5,18,3,2,3
171,9,5,8,1,3,70
171,9,5,8,2,3,29
171,9,5,8,3,2,4
171,9,5,8,4,3,4
171,9,5,16,1,2,0
171,9,5,18,1,3,118
171,9,5,18,2,3,48
171,9,5,18,3,3,452
171,9,5,18,4,3,52
171,9,5,18,5,2,1
171,11,2,1,7,1,2
171,11,2,14,4,2,16
171,11,2,14,9,1,4
171,12,5,18,1,1,0
171,12,5,18,3,1,0
171,12,5,18,4,1,0
171,15,5,7,12,2,1
172,1,2,2,4,1,0
172,1,2,2,5,1,0
172,1,2,17,11,1,0
172,1,2,22,9,3,0
172,7,5,18,3,1,0
172,9,5,8,2,3,18
172,9,5,8,4,3,1
172,9,5,16,2,1,0
172,9,5,16,3,3,54
172,9,5,18,1,3,15
172,9,5,18,2,3,50
172,9,5,18,3,3,671
172,9,5,18,4,3,393
172,11,2,1,7,1,4
172,11,2,14,2,1,0
172,11,2,14,4,3,89
172,12,5,18,3,2,2
172,12,5,18,5,1,1
172,15,2,7,8,2,1
172,15,5,7,1,2,6
172,15,5,7,4,1,2
172,15,5,7,12,1,1
172,15,5,18,1,1,1
172,15,5,25,4,2,1
173,2,5,18,12,2,12
173,4,5,18,1,1,0
173,4,5,18,2,1,0
173,4,5,18,3,3,2
173,4,5,18,4,2,2
173,4,5,18,5,2,4
173,4,5,18,6,1,1
173,4,5,18,7,1,0
173,4,5,18,8,1,1
173,4,5,18,10,3,0
173,4,5,18,11,1,0
173,4,5,18,12,1,0
173,9,2,18,9,1,1
173,9,5,18,2,2,1
173,9,5,18,5,2,12
173,9,5,18,6,1,12
173,12,5,18,2,1,0
173,12,5,18,4,1,1
173,13,5,7,1,1,0
173,15,5,7,2,3,12
173,15,5,7,11,1,4
174,2,5,18,2,1,0
174,2,5,18,3,1,0
174,2,5,18,5,1,0
174,4,2,10,10,1,0
174,4,2,10,11,1,0
174,4,2,18,10,1,0
174,4,5,18,1,1,0
174,4,5,18,2,3,12
174,4,5,18,3,1,0
174,4,5,18,4,2,3
174,4,5,18,5,3,1
174,4,5,18,6,2,2
174,4,5,18,7,1,0
174,4,5,18,10,1,0
174,4,5,18,11,3,15
174,7,5,18,5,2,1
174,7,5,18,7,2,2
174,7,5,18,11,1,0
174,9,5,8,2,3,21
174,9,5,8,3,1,4
174,9,5,8,7,3,31
174,9,2,18,7,2,5
174,9,5,18,1,1,1
174,9,5,18,2,2,3
174,9,5,18,3,2,11
174,9,5,18,4,3,63
174,9,5,18,5,3,25
174,9,5,18,7,3,0
174,9,5,18,10,2,2
174,9,5,18,11,2,2
174,9,5,18,12,2,1
174,11,2,14,2,1,1
174,11,2,14,5,1,3
174,11,2,23,11,1,4
174,12,5,18,2,2,4
174,12,5,18,6,2,1
174,12,5,18,7,1,0
174,13,5,7,4,2,1
174,15,5,7,5,2,4
174,15,5,7,9,2,2
174,15,5,7,10,1,1
174,15,2,27,9,2,3
174,15,2,27,10,2,6
175,2,2,18,10,1,0
175,2,5,18,3,1,1
175,2,5,18,4,1,0
175,2,5,18,7,1,0
175,2,5,18,11,1,0
175,2,5,18,12,2,6
175,3,5,18,7,2,3
175,4,2,10,6,1,0
175,4,2,10,9,1,0
175,4,2,10,11,1,0
175,4,5,10,3,1,0
175,4,2,18,7,3,10
175,4,2,18,8,1,0
175,4,2,18,9,1,0
175,4,2,18,10,1,0
175,4,2,18,12,1,0
175,4,5,18,1,2,16
175,4,5,18,2,2,2
175,4,5,18,3,2,1
175,4,5,18,4,3,67
175,4,5,18,5,3,4
175,4,5,18,6,3,6
175,4,5,18,7,3,9
175,4,5,18,8,1,0
175,4,5,18,9,1,0
175,4,5,18,10,2,3
175,4,5,18,11,2,4
175,4,5,18,12,1,0
175,9,5,8,3,1,2
175,9,5,8,5,3,0
175,9,5,8,7,2,6
175,9,5,8,8,2,3
175,9,2,18,7,3,17
175,9,2,18,9,3,11
175,9,5,18,1,2,6
175,9,5,18,2,2,2
175,9,5,18,3,1,0
175,9,5,18,4,3,28
175,9,5,18,5,3,22
175,9,5,18,6,2,2
175,9,5,18,7,3,24
175,9,5,18,9,2,4
175,9,5,18,10,1,2
175,9,5,18,12,2,8
175,11,2,14,2,1,1
175,11,2,14,5,2,3
175,11,2,23,11,1,5
175,12,2,18,7,2,1
175,12,5,18,4,2,6
175,12,5,18,5,1,0
175,12,5,18,6,2,1
175,12,5,18,10,1,0
175,13,5,7,5,1,1
175,13,5,7,6,2,1
175,15,5,7,3,1,0
175,15,5,7,10,1,1
175,15,5,7,11,2,5
175,15,5,7,12,1,1
176,4,5,18,1,1,0
176,4,5,18,2,2,2
176,4,5,18,3,3,96
176,9,5,18,2,2,4
176,9,5,18,3,3,433
176,9,5,18,4,3,10
176,9,5,18,5,3,1
176,11,2,14,6,2,3
176,12,5,18,2,1,0
176,13,5,7,1,2,1
177,2,5,18,2,3,12
177,2,5,18,3,2,5
177,4,2,10,6,1,1
177,4,5,10,2,2,3
177,4,5,10,3,2,3
177,4,2,18,11,1,1
177,4,5,18,1,3,5
177,4,5,18,2,2,8
177,4,5,18,3,3,47
177,4,5,18,4,3,23
177,4,5,18,5,2,9
177,4,5,18,11,2,2
177,4,5,18,12,1,1
177,7,5,18,4,2,11
177,7,5,18,5,3,1
177,8,6,10,6,1,0
177,8,6,10,7,1,0
177,8,6,10,8,1,0
177,8,6,10,9,1,0
177,8,6,10,11,1,0
177,9,5,8,5,1,1
177,9,5,18,2,1,0
177,9,5,18,3,3,18
177,9,5,18,4,2,3
177,9,5,18,5,2,2
177,11,2,14,2,1,4
177,11,2,14,5,1,1
177,11,2,14,11,2,2
177,12,5,18,2,1,0
177,12,5,18,3,1,1
177,12,5,18,4,2,1
177,12,5,18,5,1,1
177,12,5,18,12,1,1
177,13,5,7,3,2,1
177,13,5,7,5,2,1
177,15,2,7,8,1,2
177,15,2,7,9,1,2
177,15,5,7,6,2,4
